,train_loss,val_loss,weight
0,7.665398989798511,11.581523216671442,0.5664844269465182
1,7.843590661314603,12.068774226292327,0.24117615162705236
2,8.075302383705571,12.77415866666895,0.07945010657504636
3,8.287376691315943,13.994733862295082,0.028755711444811743
4,8.451038650653752,13.16452512364923,0.013125317867824837
5,8.526555382154742,9.441926333290393,0.009139952504279441
6,8.563075553022664,10.121907896816285,0.007672518288850661
7,8.584215857972334,14.592054461121602,0.006933309674193559
8,8.61257294280024,19.3167678952758,0.00605234473591338
9,8.640316233708194,17.60752487691902,0.0052988807701467135
10,8.67236154786211,12.039313461763491,0.004544553710739706
11,8.702661711682753,14.079627858957094,0.0039303420815756055
12,8.754081629832898,15.030968312883708,0.003071955342875548
13,8.800194358065054,18.150781746278206,0.0024628887866774804
14,8.802796722244638,11.509948703498385,0.0024323649962639054
15,8.811434543897787,11.573685510418006,0.002333735630126986
16,8.812993804601494,20.34358122844576,0.0023163624375950394
17,8.824950418054954,12.947686905801623,0.0021873704235008543
18,8.890131416743406,21.0245029719419,0.0016005425929885042
19,8.978007863983002,12.774634097816365,0.0010504568748338325
20,8.991813508332239,16.340621033094756,0.0009832089763974127
21,9.013095425725897,16.442334105643425,0.0008878789833998899
22,9.015685558806428,16.023881361986923,0.0008769264611259343
23,9.017404462161199,18.737006611838872,0.0008697326675969644
24,9.02709145787223,10.438494783465416,0.0008302810904191484
25,9.04859716277727,14.792046180759492,0.0007489750321632814
26,9.13036283320956,10.769923692744753,0.0005061696704232443
27,9.138899134417816,19.969625330021824,0.0004858814463854999
28,9.142087647045622,21.983718960516327,0.0004785136857401634
29,9.166901552490286,10.713239331851234,0.00042486554130948987
30,9.176812120272896,22.893791155208252,0.0004051590776865916
31,9.20542826798301,17.364877284673387,0.00035323966916386504
32,9.242273213624312,7.756288200111342,0.00029606532050959394
33,9.308242924384928,9.660868352146911,0.0002158196417948318
34,9.350699455274167,16.452067583245903,0.00017608816648894798
35,9.373300306424582,22.90613462887638,0.00015801311677006094
36,9.412955178889817,12.50342262155668,0.00013066617328704832
37,9.465881076512499,8.729738865699535,0.00010139428226907664
38,9.495986081132699,10.67092502072765,8.777255541741747e-05
39,9.510228608768465,22.73845763468708,8.19817350800303e-05
40,9.519043559258897,10.72064624664862,7.859073959859442e-05
41,9.520655894743955,12.19214204911098,7.798584337939346e-05
42,9.549527336374176,11.525111398789313,6.790915857973858e-05
43,9.580132234260816,12.726302340938783,5.864530451795924e-05
44,9.602301974677706,10.230163833225577,5.2734331405893085e-05
45,9.606187315966341,21.93039205918396,5.176154701045117e-05
46,9.645183756450749,13.344986655002124,4.293857361263463e-05
47,9.680739270436227,11.456981864508684,3.6211728594966175e-05
48,9.682271260335824,17.237043013164666,3.594685251312202e-05
49,9.68279929895738,17.408249585866955,3.585600605526224e-05
50,9.699200164802054,11.833014282763077,3.314578649703822e-05
51,9.722047398963827,10.103089345347732,2.970834938885701e-05
52,9.730418015974958,15.551133208474507,2.8540234863837232e-05
53,9.759979687432944,9.05833244716647,2.4770433568713248e-05
54,9.792545296942265,25.29165974663477,2.1191312670225402e-05
55,9.805183723476251,11.040119496517988,1.994594823203547e-05
56,9.81334538692472,8.212619694974562,1.9180882408630648e-05
57,9.853102526720994,16.701445478439155,1.5853522611300856e-05
58,9.868277061522015,20.03593704863774,1.4741593801647655e-05
59,9.879446644844744,16.005299372562284,1.3973275892952225e-05
60,9.903200361735392,24.52987764218917,1.2469867841624888e-05
61,9.909422440658,20.957989431541385,1.2103540324367469e-05
62,9.934360863278439,11.69865704288593,1.0740151839334794e-05
63,9.94725357650495,21.308043930018155,1.0096666846766782e-05
64,9.951153321561737,17.1385830914284,9.909730703420378e-06
65,9.99642548254956,19.616725986847015,7.977028613579318e-06
66,10.016391187149631,8.368162229589649,7.249171950611163e-06
67,10.017042151714573,13.210391397315464,7.226593229816171e-06
68,10.025409170732996,25.016465964822814,6.942567610979462e-06
69,10.177556644429025,20.85607949352386,3.3486507121155643e-06
70,10.226758442298923,11.369488817463719,2.6452746032648386e-06
71,10.2338184032359,19.04397511142428,2.5572755583210993e-06
72,10.241578678270608,26.834488511634873,2.463921091363713e-06
73,10.252170612245813,13.199017804577736,2.3419779204096625e-06
74,10.266587315727904,10.801153189702138,2.185640167192882e-06
75,10.286337685441936,25.04986681688615,1.9882641011243413e-06
76,10.289067115561506,9.269251893526533,1.962427243245196e-06
77,10.298089048778861,7.855798228928126,1.8793906452781542e-06
78,10.321610865293858,18.53494644323831,1.6790487667095714e-06
79,10.3297815134066,13.532406813643918,1.614576051496236e-06
80,10.35614690138601,12.362043698720877,1.4229403577445694e-06
81,10.373703951183563,26.04763036957991,1.3081178019335647e-06
82,10.428795534743557,16.046059632281832,1.0045924497701439e-06
83,10.440751078233017,18.7275529542243,9.486542536545014e-07
84,10.470413526268095,14.679827407804964,8.229515871634033e-07
85,10.488652362934186,15.525470253385532,7.540766740792873e-07
86,10.515361658606974,10.92755756709124,6.634801814493879e-07
87,10.518314309405403,7.724652899995654,6.541583353140346e-07
88,10.52404126035717,24.610373355129553,6.364494472563296e-07
89,10.556986140637761,17.9781789895785,5.434990934616954e-07
90,10.562527765177549,23.465069619635273,5.29255720227458e-07
91,10.595631746197284,21.557768498633337,4.516160308691354e-07
92,10.609833888663388,22.123524325468253,4.2190217314469205e-07
93,10.646323765694767,20.958230166740954,3.5421651303888554e-07
94,10.659120767591503,23.66682902062685,3.331467674194598e-07
95,10.667017934642022,19.46060382170836,3.207745987794694e-07
96,10.667550420621584,10.443787689972615,3.199571040490305e-07
97,10.698189449583602,14.161766671938,2.7626484233003374e-07
98,10.706576910824895,12.093871832858355,2.6538085155718206e-07
99,10.767092904526272,20.3932379912631,1.9857442839607338e-07
100,10.908551028422167,8.79713223585921,1.0081375574833842e-07
101,10.972430713295198,29.382957936935725,7.422889528333686e-08
102,10.974087284528833,8.285716525520144,7.364195864147299e-08
103,10.99340541966645,10.05917266436161,6.713056585040488e-08
104,11.016701446513698,13.032918757287636,6.003941777034605e-08
105,11.033816121982493,12.422349947245976,5.531173774960916e-08
106,11.05612469134767,11.388429369777661,4.9703682894750956e-08
107,11.139194182150002,13.951792809194524,3.3381344845797884e-08
108,11.197003689998475,21.252207325291142,2.5304066614327368e-08
109,11.23956264151163,23.503320324627108,2.063556516499799e-08
110,11.246241432405553,22.51387503182353,1.9985564826193635e-08
111,11.253077153889544,5.657906395850636,1.9341487910653695e-08
112,11.290324716092446,9.04772883532451,1.617968352915013e-08
113,11.292246635987377,12.424807966466535,1.6031350560942585e-08
114,11.294251191169229,24.0039942719161,1.5878088502726584e-08
115,11.313469924337902,6.937094715451076,1.4481050611212336e-08
116,11.33969897909708,18.915839812763746,1.277062050855434e-08
117,11.345711663124447,16.770483397326025,1.240790227303355e-08
118,11.371631598390023,15.842887417162219,1.095856363458774e-08
119,11.377388253535702,11.605388041061214,1.0660383965474526e-08
120,11.379182637100765,24.04579737316314,1.0569108715693028e-08
121,11.405763097126584,12.70728012593645,9.305055043838388e-09
122,11.411586059182683,11.114947769897965,9.048991113324453e-09
123,11.412101906765384,7.886239896425678,9.026649440769273e-09
124,11.43276211420628,8.687911067384139,8.175765461976998e-09
125,11.434069699055618,13.554646806614834,8.124695075916235e-09
126,11.47593203778257,11.129372119245216,6.647876014643389e-09
127,11.5138626726655,11.275549165056193,5.542956087337143e-09
128,11.51395962015305,12.810214256115149,5.540381498276592e-09
129,11.536084918951197,15.087314185437592,4.9830169095472395e-09
130,11.550100202336417,11.129112598155029,4.6593320953824e-09
131,11.552295539391888,9.120921987021438,4.610571027838765e-09
132,11.61692370626842,13.43020819270015,3.382596337475275e-09
133,11.646183540904333,18.371334487023418,2.9400480251147053e-09
134,11.650934592599501,18.551489441198427,2.8738659462937123e-09
135,11.672614250019546,13.259293581731189,2.5902797387302823e-09
136,11.683339703997424,11.472188603856349,2.4605080316623745e-09
137,11.698550613534024,12.964828082765527,2.2875349995057523e-09
138,11.732798345371652,11.431410830237146,1.9412932977892496e-09
139,11.811912540621988,24.86313393350581,1.3287344659025208e-09
140,11.825408574990528,14.360871065320703,1.2455184628593459e-09
141,11.833134900253977,28.009490648698538,1.200245519678024e-09
142,11.835876513132423,9.596803860769745,1.1845795522014305e-09
143,11.837760031638599,27.18721322311093,1.1739355144700837e-09
144,11.85046043361358,16.586762574397106,1.1046179234532875e-09
145,11.850980975465275,9.31028112699268,1.1018658692932267e-09
146,11.870837123046996,8.795488322442427,1.001852977112802e-09
147,11.9336847836659,22.177701676983666,7.413188633250565e-10
148,11.942702997335722,14.258497239551081,7.099639366043703e-10
149,11.965292210564483,9.342906056262045,6.371232853934138e-10
150,11.994530775410524,28.118064659407793,5.538242843092654e-10
151,12.02804564663208,36.3718134162715,4.716508664985943e-10
152,12.063876330226941,8.030892293457804,3.972369102440216e-10
153,12.068026624204943,28.337677072622512,3.894143735758137e-10
154,12.07778697411683,29.031936085497712,3.7161965577372005e-10
155,12.090682295508518,29.388903195552707,3.4935008533816933e-10
156,12.147960430852057,13.30437861889133,2.654931023609752e-10
157,12.150345088821464,11.012750066033057,2.6247641000297045e-10
158,12.160031822295188,29.731682774584414,2.505706430189653e-10
159,12.16452540968127,7.99303658203524,2.452325451448911e-10
160,12.16514134416066,11.253874281435417,2.445097709495113e-10
161,12.24097185629099,35.02143725280277,1.7001110325346103e-10
162,12.266791608529633,4.563450411953362,1.5022460017107472e-10
163,12.288756779977621,10.86061271419597,1.3521566408531882e-10
164,12.309724707549194,22.643488649300682,1.2228929020495423e-10
165,12.331408912883974,19.048572731724963,1.1021967378964528e-10
166,12.409892121191069,23.433113649636006,7.566924145084411e-11
167,12.469718294073294,7.2689342319717785,5.680790554421974e-11
168,12.475995121479949,16.24930363334458,5.5124594186121895e-11
169,12.488878112862322,33.39768964255288,5.182427599842998e-11
170,12.49441613780426,23.092773308316513,5.046699798812365e-11
171,12.502551402011857,11.85580206299678,4.8537377694477984e-11
172,12.517711745037168,5.105049562355429,4.5136149686220543e-11
173,12.52575632153768,12.357299124007989,4.3429225706978413e-11
174,12.553448645416157,14.754215057036811,3.8031954944015286e-11
175,12.570592923657822,16.44762203261657,3.5032237093628567e-11
176,12.673110531270488,30.61342739973311,2.1434215325666352e-11
177,12.695185704209553,16.83968659534743,1.9282556037042698e-11
178,12.741218360758197,8.177091307351358,1.546539978818903e-11
179,12.742478449240762,10.991315684473252,1.5372292773053706e-11
180,12.765055713923644,6.901645119046782,1.3795921154067804e-11
181,12.841351482306179,16.798849902240825,9.571135755911597e-12
182,12.898281771149941,12.238009298117777,7.285842944774901e-12
183,12.899359253736336,13.394872754669665,7.248319723099711e-12
184,12.932386789304964,14.208029458217936,6.187286545055782e-12
185,12.947739439745128,40.86224845347424,5.748416111866098e-12
186,12.971560124152887,24.641873015093275,5.128288410242024e-12
187,12.97268630095488,24.6058501455301,5.10068654408957e-12
188,12.982825628990799,11.352152512121322,4.858772925764275e-12
189,12.992867549295624,21.024055578228108,4.630493680972401e-12
190,12.993370021837432,27.492287593419668,4.619357208100218e-12
191,13.043459255741308,12.510814085173728,3.633586655915376e-12
192,13.048011006052926,4.263590452352343,3.555186522857314e-12
193,13.063710082135062,27.325886868318833,3.2975347142208595e-12
194,13.071236494609401,8.740379378898862,3.1807194148120892e-12
195,13.091444859910146,13.18093143041845,2.887138275465839e-12
196,13.113391444612592,5.99455866986133,2.598915838372816e-12
197,13.118226296126267,7.863056426844093,2.5393928520545068e-12
198,13.139973696322969,38.05208655306188,2.288068743103667e-12
199,13.19045640627606,36.97152196400735,1.7964045177616014e-12
200,13.24624099074173,8.616649664278343,1.3750070175921462e-12
201,13.264102397245782,11.008363182233365,1.2622100809017981e-12
202,13.353075259912135,33.05521079717803,8.240636729452748e-13
203,13.378352791917642,8.746727481576782,7.300506851944934e-13
204,13.379597132621566,8.840948679252877,7.257102937157568e-13
205,13.413454260702402,15.16952877438381,6.170205348754649e-13
206,13.51690444880884,17.85691749572484,3.7583605721842295e-13
207,13.700776119511236,9.657565555313612,1.5571253657537793e-13
208,13.719157512038327,19.893029728821208,1.4258311914253874e-13
209,13.738625568298078,15.277861259815364,1.2988262919307988e-13
210,13.745828385251457,10.242990114017722,1.2547595910038076e-13
211,13.747229684090266,15.920814006933703,1.2463618068253275e-13
212,13.762850923562551,22.708479204913523,1.156466645398501e-13
213,13.785068065967595,20.997742898138352,1.0396679511037435e-13
214,13.787004002934115,11.220154195288094,1.030067233672819e-13
215,13.849263404223429,15.315916045230608,7.643476234568541e-14
216,13.854558450890975,7.051373015693734,7.451965499219352e-14
217,13.869080803315693,9.737512874744588,6.950992588130079e-14
218,13.869203244475019,36.06846472047502,6.946915241302707e-14
219,13.897016076373532,17.24415194162295,6.080058550248287e-14
220,13.986740556894278,16.23961728394226,3.955237939563906e-14
221,13.986970489545353,12.82362650281691,3.950882170782395e-14
222,14.00174094195199,21.238494838734518,3.6808974684799744e-14
223,14.010291876420919,13.935576844249251,3.533112468031941e-14
224,14.010958210308864,15.577563651787436,3.5218486153545106e-14
225,14.040935127832824,27.246101539033656,3.050580831772898e-14
226,14.08776991592834,23.195429242058594,2.4373039086976323e-14
227,14.09008553168465,34.31630577143024,2.4104071730076703e-14
228,14.229585310899594,8.209561725769664,1.2352720174600915e-14
229,14.245378870854452,35.33920163043662,1.145230612395652e-14
230,14.261356002706755,30.447402202366682,1.0608188841665747e-14
231,14.281233298854213,24.125942247263875,9.644339498310894e-15
232,14.298814111312407,42.663249724920846,8.865090913917914e-15
233,14.333714632389938,5.921555361042163,7.499771166515729e-15
234,14.350842181033354,15.353585481238515,6.908790948692296e-15
235,14.353048572556215,17.219087989881686,6.836126584138597e-15
236,14.36096262909215,5.730276796020924,6.581718631654045e-15
237,14.382225573346343,14.336289837511043,5.944108669288926e-15
238,14.386801324523434,16.89377761742413,5.815186648729363e-15
239,14.419697471866904,23.85593335968897,4.967066705534069e-15
240,14.479642845346834,38.56100452631979,3.726844809277725e-15
241,14.498166294654942,18.46177238382451,3.4102811985195227e-15
242,14.595624311057726,22.157393226400124,2.1377649940204364e-15
243,14.599101986866582,27.87142597519393,2.1024331744350588e-15
244,14.611358731764009,18.439174699034076,1.982500872085543e-15
245,14.666711455546524,30.98340567680677,1.5205928856855596e-15
246,14.670859977093498,14.338614231169217,1.490661467495004e-15
247,14.73860809695429,16.74834415347677,1.0774105336925524e-15
248,14.821356711165913,31.106835542899525,7.247100550882185e-16
249,14.82154569068107,35.0248995577947,7.240540409751507e-16
250,14.825299867455008,16.364689975609465,7.111443528094756e-16
251,14.87738732771777,31.52250596681373,5.540551800605067e-16
252,14.95003547219929,32.04889810688053,3.911625329913552e-16
253,14.960622287596761,33.195174821199224,3.718124293540292e-16
254,15.002866844925222,45.44398574556419,3.0367166346936087e-16
255,15.025563595820953,17.325101024265226,2.723752547374184e-16
256,15.115360970731965,26.401250035387854,1.7712537985180008e-16
257,15.133412536049246,30.822825220850337,1.6244702591490128e-16
258,15.167179255841269,18.088219666720796,1.3817715851145234e-16
259,15.1780604181061,11.396053158606069,1.3115664988747339e-16
260,15.196406758057732,37.86183252248675,1.2011791863791768e-16
261,15.209723415984197,7.626992431822413,1.1269200011524097e-16
262,15.223413936991708,12.623033548080194,1.0553591737685789e-16
263,15.231914945074017,27.67126772634424,1.013229763757664e-16
264,15.243571519351748,28.152402814636964,9.581824319860314e-17
265,15.292494760593968,9.548233666583398,7.579295684720262e-17
266,15.341100724753833,10.600323569827342,6.004402753447795e-17
267,15.432121886589822,16.967736247531768,3.881825491571067e-17
268,15.549960773934972,16.78410105157549,2.206932157576856e-17
269,15.631940598078454,25.496315278355162,1.489951265271868e-17
270,15.638003494111505,6.614338585340494,1.4472845515196287e-17
271,15.663255059205419,27.813759108131556,1.282331209203353e-17
272,15.68538070065918,29.404275749651113,1.1533262842174805e-17
273,15.748486179651696,34.79336331021961,8.523474664169247e-18
274,15.756809553634902,11.800261534186687,8.19019075512435e-18
275,15.851484301276777,33.897028951346904,5.2030301635446884e-18
276,15.941652790873873,14.564858758775665,3.37751372597656e-18
277,15.958584865550137,17.770416269928244,3.1142823438899255e-18
278,15.959846909628556,27.86578790485541,3.095504285512169e-18
279,16.007079648403963,24.648092893661357,2.468484133501427e-18
280,16.018448690651212,24.279158546558897,2.337593649172034e-18
281,16.01930859902874,21.227937493016547,2.327980681415417e-18
282,16.022316566734517,40.37894777825974,2.2946643630374876e-18
283,16.02787326861383,8.069147389942163,2.2343671025543445e-18
284,16.0611548227671,35.80832781789768,1.904972677487196e-18
285,16.067494609935842,14.476330119164846,1.8479675747345006e-18
286,16.116269184792962,23.602257380674892,1.4627981360407181e-18
287,16.129064474576182,8.220458923434972,1.3757982783416649e-18
288,16.13841744148685,36.05481305016531,1.3154953242210266e-18
289,16.14012905647523,12.730877308924335,1.304749337534304e-18
290,16.162614437651815,19.92928186296418,1.1714678384699286e-18
291,16.19599617907496,8.337849158124335,9.982885322419111e-19
292,16.22756455456804,40.74757540829748,8.581353307814507e-19
293,16.242648422806507,17.182933812475998,7.982945100467792e-19
294,16.27423559235781,13.246319593275006,6.861573645368895e-19
295,16.354247647755766,24.213206379316553,4.676297600690316e-19
296,16.486699570323566,27.478445452030783,2.4788050796957884e-19
297,16.50748040112473,8.957369928912566,2.243846703648379e-19
298,16.564720433582238,35.91468642768518,1.7055516343549812e-19
299,16.57019765772182,8.321607876694017,1.6613672265416748e-19
300,16.676588380429003,32.26933592539322,9.978025410371889e-20
301,16.70867497432568,26.485716962988754,8.555901713447497e-20
302,16.732049168060417,9.414141321761683,7.649257300206406e-20
303,16.765682662502225,44.14223130482351,6.510600271392002e-20
304,16.76755801084451,20.98575842232726,6.452351904706947e-20
305,16.781898005150023,12.196651384815333,6.023841831840034e-20
306,16.825638632257103,8.234647831042672,4.8847269817860773e-20
307,16.84666028955799,41.037932562284176,4.416618540233965e-20
308,16.856937770996716,45.06334290516054,4.2043642342146986e-20
309,16.890023552005616,20.83786707199009,3.587913794657558e-20
310,16.944163573787062,15.597983676644764,2.7679959480278686e-20
311,16.947128614039688,28.881852971883482,2.7289437871371344e-20
312,16.987997682282025,38.010103629870315,2.2435597031012005e-20
313,17.022238577062595,7.123790157843423,1.9040364932921585e-20
314,17.056542074944577,29.245280017799253,1.6154094343468364e-20
315,17.105953097824397,37.090537647134695,1.2748177066239919e-20
316,17.168025930166984,38.97789639987825,9.46807572005007e-21
317,17.17305110360489,30.753258312326068,9.242794565227272e-21
318,17.21921807969641,31.35850406378146,7.4083297133438e-21
319,17.23914812203029,16.3686698811604,6.733514113260181e-21
320,17.276946049388687,40.94349873538512,5.61793219685887e-21
321,17.286462859879162,24.90916066396977,5.367475221479116e-21
322,17.307400106884494,12.81378241247831,4.85506802922621e-21
323,17.31210637287146,16.523682737853612,4.7467964576688246e-21
324,17.312583020784118,11.993908215469116,4.735966339353567e-21
325,17.32644647622636,33.24450388531167,4.431552486374913e-21
326,17.388456022094893,38.0836883579687,3.292313972028056e-21
327,17.439925880970158,18.70990442324826,2.57265680567266e-21
328,17.459435121135886,15.287553226185395,2.3430367635563504e-21
329,17.509509561637774,30.482443040760266,1.8431635196265767e-21
330,17.544254526272265,5.659478466664749,1.5604592423237274e-21
331,17.562546920712368,15.329414496680272,1.4294934995401397e-21
332,17.568819137476027,37.87360891507315,1.3871659129626415e-21
333,17.57898312975639,22.653103436037238,1.3212197114689205e-21
334,17.61242379479372,13.422822044935447,1.1255845530754621e-21
335,17.76554160284999,31.271830760338965,5.403913523714488e-22
336,17.84254056927441,10.852485525874599,3.7364369918791453e-22
337,17.87832983433927,45.50290260920022,3.147551336510759e-22
338,17.912375438312512,6.01628037419982,2.673726001871917e-22
339,17.94334402949492,18.69698724851081,2.304967865620416e-22
340,17.960309023552696,15.704873339617185,2.1249916312685077e-22
341,18.037230364533556,27.683149308217203,1.4698331940712785e-22
342,18.11008601870617,13.84165602429991,1.0366697135949561e-22
343,18.165076390519324,13.287397303956453,7.965152719636995e-23
344,18.18105995663079,32.56712919727222,7.377836218005675e-23
345,18.226808755350714,14.73259084383513,5.925381616571799e-23
346,18.2509786452466,4.736441817379168,5.277324513767394e-23
347,18.3164400551469,32.99272250037713,3.8563381385667945e-23
348,18.390425695359344,13.92294068692706,2.7051772923422296e-23
349,18.399767779478264,41.648600938427805,2.5867408985819027e-23
350,18.401063274135197,12.367243999596594,2.5707316126822013e-23
351,18.411409660937437,12.516785315508432,2.4463791892535504e-23
352,18.635955165509728,32.636610552138045,8.340618823281177e-24
353,18.642096730305536,28.037035568711964,8.098720500074289e-24
354,18.675309242194515,25.011118531185048,6.907077434175385e-24
355,18.680295073586766,42.17609616340147,6.744003415391168e-24
356,18.726805786630695,8.094058200447034,5.3965896546425984e-24
357,18.768790986076517,30.383244275281903,4.413057015287364e-24
358,18.80235132077051,37.40532471889777,3.757453037503356e-24
359,18.81632467548082,35.63531531582473,3.514083919201063e-24
360,18.85053215757088,24.288799393316708,2.9827668258244972e-24
361,18.862672881249615,20.21247276130874,2.8141805340853228e-24
362,18.911858185376396,8.609035545502337,2.22324433308264e-24
363,19.04495139642122,9.937507347334957,1.1748780117814328e-24
364,19.07682600288454,36.2239268441581,1.0084518031051652e-24
365,19.117683780621306,40.298951801902,8.291281988294967e-25
366,19.16351646579024,9.997380936967803,6.656323437347711e-25
367,19.216915087665477,34.381604381039836,5.153483297647968e-25
368,19.360408851688334,29.35659600623598,2.590960304185259e-25
369,19.461405951580918,32.035362867172765,1.5968531054056006e-25
370,19.50235976763843,46.51113419033871,1.3122954730609618e-25
371,19.704563261716075,34.06577496232303,4.979714703459704e-26
372,19.75993122975071,26.605157569444874,3.819199130294385e-26
373,19.812515853550657,20.258413463756,2.9684713168463155e-26
374,19.90900542349729,22.137978669414064,1.8694685531123486e-26
375,19.982454307555884,31.852263937710887,1.3147884797788075e-26
376,20.058863012290544,13.37619023620591,9.116615088745572e-27
377,20.0633200533848,24.051059227636053,8.923959636373482e-27
378,20.108544367401592,29.137200600104975,7.18516050209139e-27
379,20.162266346934864,22.51432914622226,5.554307966138403e-27
380,20.31117278588569,29.957722673142275,2.7209774953993522e-27
381,20.40332879015656,15.632670842089867,1.7495618532472835e-27
382,20.436693980759244,17.837986612532795,1.4910405647410595e-27
383,20.436701350103753,30.090011729249916,1.4909879095184578e-27
384,20.48939090873113,28.721126840969998,1.1582872740758873e-27
385,20.503352263111026,44.51355121655391,1.0833276486332532e-27
386,20.546371147675476,15.87783069375004,8.815128700979846e-28
387,20.643797843502817,35.71423984735513,5.526671005728198e-28
388,20.657934944522143,39.32417552952509,5.164655881056701e-28
389,20.732665538604824,7.149793082319183,3.6100366671068057e-28
390,20.919404661166453,16.717531490009183,1.4752614379500554e-28
391,21.15146667876142,15.303401152586662,4.8517685730700504e-29
392,21.187137178777217,39.594326315273264,4.0894265354903906e-29
393,21.309042895419573,49.213763914193464,2.2800872996366684e-29
394,21.42665103106201,10.389734161813411,1.2977310403325165e-29
395,21.4461665119729,4.126830857263994,1.181867941486681e-29
396,21.51866633440776,18.48783114046074,8.349911478946652e-30
397,21.53262424707454,39.762236420876135,7.809668089283988e-30
398,21.54187925300515,38.51994066622811,7.470866930139902e-30
399,21.574709217139795,18.9891073324966,6.383297350788593e-30
400,21.60715061007091,26.242948329527476,5.4642158519463136e-30
401,21.621987066207133,35.321006318170554,5.089207073584449e-30
402,21.65092029604681,20.8034827706614,4.430309881586046e-30
403,21.728362186436758,30.676728747393696,3.056761542031963e-30
404,21.739915372239235,50.17123208408532,2.8921245940664296e-30
405,21.76901057593133,16.876154165194787,2.5157291375918817e-30
406,21.76995864630603,12.643454048764932,2.504325351369972e-30
407,21.835510870176062,27.136359986897176,1.829207840173332e-30
408,21.885512357011848,20.519580916064662,1.4394601585355082e-30
409,21.95048575261348,26.598364656655892,1.0543301214555001e-30
410,22.0812677980959,21.199147169130764,5.633680432546132e-31
411,22.10603280026391,42.82739274088046,5.003237647197707e-31
412,22.10862317660168,17.11192410154477,4.941513935537598e-31
413,22.122564214250115,45.26784540400581,4.622169316523302e-31
414,22.25896882147832,23.732778869101416,2.4041398868642477e-31
415,22.287581526564914,35.21556434235364,2.0960941899465765e-31
416,22.378355816323197,22.1036092935271,1.356721721131306e-31
417,22.442041556229853,7.952694812067527,9.99879398734941e-32
418,22.486717793868642,36.7629827656867,8.071739862151465e-32
419,22.53639406034,10.169331291240429,6.361808651099285e-32
420,22.654061406556153,56.84665420838598,3.61985012932291e-32
421,22.659387718440932,37.6552665027714,3.528624430540809e-32
422,22.898264127071062,11.358994390422406,1.1231929536459623e-32
423,22.931243881598178,24.85360177125954,9.589957889350183e-33
424,22.93927160011772,17.16207313547332,9.228037749874883e-33
425,23.125248115866775,45.603484075806236,3.784895401364276e-33
426,23.21847638075108,7.561985792763237,2.421177545804377e-33
427,23.235138993415127,10.530538396419631,2.235364268110181e-33
428,23.26650972161641,17.705648889934135,1.923354553610237e-33
429,23.29328397489651,56.89266065900768,1.6917516458543823e-33
430,23.497715454643803,16.941086863843335,6.351444995067803e-34
431,23.577287191137753,25.884141274862984,4.33777826940574e-34
432,23.679642509386902,10.811508845022583,2.6561024610378493e-34
433,23.733119700300563,43.12454976747925,2.0556433238617297e-34
434,23.763614622010333,20.773813026902893,1.776157775986021e-34
435,23.7659989677609,27.769960820803156,1.7559786300378484e-34
436,23.772491174378608,39.13106056723728,1.702188317566589e-34
437,23.81802728371588,6.536922235928282,1.3684772178674782e-34
438,23.87740761997808,6.6374376483000095,1.0295675520521755e-34
439,23.889119826166862,58.10399376307856,9.733730788306234e-35
440,23.89881385529948,14.434767597182637,9.291889935473042e-35
441,24.019243831850655,33.29650003636847,5.217523827653589e-35
442,24.044163266970664,31.03585311087723,4.630223532027088e-35
443,24.200009845364548,43.913026232986205,2.1940831905841846e-35
444,24.28172200154652,23.051731040353634,1.4831778904363609e-35
445,24.309339643143975,36.89033510954826,1.2993173434872997e-35
446,24.395922795685173,33.537006535936214,8.580603620621948e-36
447,24.626869427716223,12.760854291018054,2.8370714554871304e-36
448,24.70763733229332,17.95289225098755,1.9265292589639537e-36
449,24.70815244652941,47.471365352071295,1.9217794729375005e-36
450,24.841068642597264,15.510474850302105,1.0164301452071346e-36
451,24.886779804332235,34.11687287897138,8.164755480029982e-37
452,24.939655288966975,21.294223512994066,6.3372143308499555e-37
453,24.949652787307357,25.095051412416648,6.04075942202039e-37
454,24.99143815636386,32.056187811791744,4.944559076968812e-37
455,25.117023100112252,49.50862316551231,2.7086906251420842e-37
456,25.30204618657565,24.642030893189222,1.1160617061664362e-37
457,25.304772576167675,50.3733248749993,1.1015748908147088e-37
458,25.30735615274763,41.12363893651425,1.0880204855638683e-37
459,25.414736223061794,24.352403495673258,6.503647625534758e-38
460,25.459358928277382,41.63254742579616,5.251555398936269e-38
461,25.538783871280515,21.003699753545597,3.589122373876917e-38
462,25.635925776042193,36.504670607275386,2.2532839860340008e-38
463,25.649045322269775,19.860626626948235,2.1159794668232294e-38
464,25.655325799232585,15.709374448405569,2.0532436168306865e-38
465,25.742245233566837,40.47385936511532,1.3537647899985208e-38
466,25.757365272767355,23.50501253172722,1.2591436939940264e-38
467,25.826825297200102,27.488735006083992,9.026401768332352e-39
468,25.828585390262447,41.28219251407436,8.950587521767868e-39
469,25.8483760801735,14.209809814856904,8.140724110632118e-39
470,25.900651110252078,14.458177713802174,6.33676963525417e-39
471,25.923251756378217,20.738245533538322,5.686320234141385e-39
472,26.000155323918193,51.08364610545777,3.9334997894612916e-39
473,26.218692144603693,46.96419467245553,1.380253768964641e-39
474,26.289258433840985,50.57854852227657,9.842285120762906e-40
475,26.566873520274164,22.546917090270718,2.6020863141912794e-40
476,26.692532384390482,21.977481292715005,1.4249502093093785e-40
477,26.700680314440184,25.167591327426777,1.3703836448495853e-40
478,26.70202904984859,50.53439875110054,1.3615549402359678e-40
479,26.7380821475395,42.80389029876765,1.1455162102328335e-40
480,26.744336929574324,39.45400325876458,1.1116901253539708e-40
481,26.91302409414312,16.616978459645285,4.953486373600579e-41
482,27.006211725411855,43.53637402691636,3.169336083767826e-41
483,27.065855172647066,40.553452523690424,2.381430887140051e-41
484,27.085156335599798,14.880891815163247,2.1710422830283798e-41
485,27.26102799136214,36.922550077687994,9.346372776390442e-42
486,27.5592373108039,38.48404152362654,2.2387624268233084e-42
487,27.56559558437684,26.79718030608162,2.1715764890570475e-42
488,27.570123426788108,28.743298595159928,2.1249648827386945e-42
489,27.743372601357116,33.19347799628001,9.263700343439505e-43
490,27.94834080480896,22.843850692039947,3.468992806713811e-43
491,27.972959971982057,36.87034501949737,3.082945416010239e-43
492,28.036908616433625,34.06586035616908,2.269214339315888e-43
493,28.159856742869913,38.92122473354751,1.2589112492950376e-43
494,28.18605305192284,17.59155406590512,1.1103891080343523e-43
495,28.216537820092768,17.466220587528106,9.594671367889354e-44
496,28.24082055475218,14.49482053252279,8.540685420564184e-44
497,28.345654050794444,23.446776131927173,5.167882160648862e-44
498,28.474690844707574,43.774107246604444,2.7845846494253796e-44
499,28.58652295017427,17.570104345428717,1.6293513758536492e-44
500,28.896099837749478,13.263059372391002,3.6959101870574776e-45
501,29.03080785860322,43.33895605996592,1.9380556293820594e-45
502,29.066610781717166,7.607606671505282,1.6324991831272607e-45
503,29.080287941085487,20.00200386492227,1.528931342241792e-45
504,29.09705774924479,28.214055832103867,1.4108685563528246e-45
505,29.245357489551246,15.362408689213783,6.931771103298919e-46
506,29.384303973049725,11.617681212614208,3.56178686641972e-46
507,29.5552244947406,49.30913519098371,1.5701714486492003e-46
508,29.658082731573668,41.29541511011023,9.591308812364743e-47
509,29.676267452096084,16.98465071376395,8.790867229637422e-47
510,29.83205157576849,22.896170787675242,4.1668976616315377e-47
511,29.94329359588145,49.31287513781492,2.44509225889288e-47
512,29.974468413918864,45.5962545814609,2.1057849895162165e-47
513,30.104766450643545,5.5758824053139735,1.127812598595108e-47
514,30.36745763447645,38.09732721922289,3.2027454075944773e-48
515,30.403416936617113,54.82449797669909,2.6957753262467405e-48
516,30.50208612792032,46.07628385542566,1.6800908236143977e-48
517,30.61176947535759,34.94593460822874,9.932511929611134e-49
518,30.616618456623627,16.887140513867077,9.704370420264863e-49
519,30.795564448607603,24.251472082876163,4.116649147138729e-49
520,30.867139337358573,68.65200220967495,2.9213376188825456e-49
521,30.89175306138096,18.074519374126776,2.5963038410232204e-49
522,30.917694664081388,11.432918394808885,2.292797455405684e-49
523,30.930971824007322,32.04673552352398,2.1514595403840737e-49
524,31.11936027255523,35.2411956243524,8.72284134166553e-50
525,31.32957339178838,26.29581408439152,3.185379075497048e-50
526,31.33225405540835,21.57087122020543,3.144720915027365e-50
527,31.421318520900307,39.20479568695734,2.0522042842829663e-50
528,31.447864197958186,12.353776735515211,1.8070641156204853e-50
529,31.555815591003096,62.18861406277333,1.0772201081245747e-50
530,31.555891194486364,42.3999815690349,1.0768298981300059e-50
531,31.61660781658607,42.28587210949364,8.049766703162372e-51
532,31.806494087212563,30.824169016854118,3.2403416809705784e-51
533,32.09422877849984,12.234787717787535,8.161229284905856e-52
534,32.245816142427906,13.677697667441507,3.947035343343198e-52
535,32.2656405958436,46.24257320401564,3.5893205017663474e-52
536,32.52552296931759,23.08722607263178,1.033102538296459e-52
537,32.52916365033654,47.35136810917356,1.0152346238155926e-52
538,32.73168179592155,28.626032731656046,3.8466652775262842e-53
539,32.74169966037699,51.13558523270713,3.6663604169049315e-53
540,32.76393815752712,49.62045956771536,3.295734794070783e-53
541,33.17456354475646,15.285826739287318,4.6063416774902456e-54
542,33.201787353333515,45.989141690677016,4.0429445897915644e-54
543,33.23146932169763,21.122770625944526,3.5069008889051095e-54
544,33.362728841870464,41.115877097730845,1.8695856367822935e-54
545,33.50298395426682,43.521626977484985,9.546530209805153e-55
546,33.67076804715647,48.308117602455646,4.2722066747558094e-55
547,33.8938371634966,16.424961432017284,1.466896332543001e-55
548,33.89590739995724,49.8692633321927,1.4524153621595001e-55
549,34.19408877414536,19.55300733402914,3.47947647425607e-56
550,34.24039619855895,44.76546530340217,2.787010500138938e-56
551,34.59517666802259,28.49866508012601,5.0905802321785657e-57
552,34.60213600941709,50.10596750977591,4.9236079260610746e-57
553,34.64506727380358,18.54861285314047,4.00806400198532e-57
554,34.74054106553543,31.033071109546977,2.536494932947623e-57
555,34.866579144614334,42.78934215805002,1.386509231521238e-57
556,34.88188985950005,40.8143471758408,1.288421640022699e-57
557,34.9179548038028,15.522333220800268,1.0839254770892219e-57
558,35.017638896824465,49.923792457328865,6.722584506961245e-58
559,35.09229523434863,29.730111430245557,4.700683778554576e-58
560,35.100135408004164,34.31836775851414,4.527349460496193e-58
561,35.130183163245704,4.152645095212449,3.920201978013653e-58
562,35.1989064748997,6.475000536383875,2.820207479795138e-58
563,35.25905045756636,14.193610219844617,2.1140196974376468e-58
564,35.48767970334913,57.73584380891654,7.067802775150224e-59
565,35.65709985629379,32.339115155875135,3.1382399506801733e-59
566,35.66049178442187,18.96898424361871,3.087641324973172e-59
567,35.781961967415654,64.25409006166859,1.7251320553267447e-59
568,35.89447964346991,34.63932750795842,1.0061201763575363e-59
569,36.03326141802477,14.815563158579828,5.173880175488307e-60
570,36.07829104280694,20.996918349635415,4.16965796497272e-60
571,36.28616130148347,22.515580813937788,1.539854040991915e-60
572,36.35050637424944,13.091843202922819,1.1312645856055424e-60
573,36.70642334096256,55.17732466289249,2.055074584733597e-61
574,36.72316132117356,58.567284342633606,1.8966727292825613e-61
575,36.731410548432024,13.239055334658994,1.8231569478446104e-61
576,36.7599155861634,51.85363868315976,1.590373736412178e-61
577,37.01163443973519,26.866021070575513,4.760146867870885e-62
578,37.09642705148454,29.627460428533034,3.1706583072945267e-62
579,37.1633014138683,40.026932462741996,2.3012833919214777e-62
580,37.3070539014598,29.148055767867163,1.1555574252358104e-62
581,37.43706784118643,43.414534503454846,6.19734556378192e-63
582,37.63708614905819,66.0178067531987,2.3764373391384595e-63
583,37.7372347584124,18.897801303709656,1.4706064255895984e-63
584,37.759547322118394,14.503275493307564,1.321476404257639e-63
585,37.760144108508406,21.8636681897991,1.3177025227814973e-63
586,37.840366551471625,28.248808383861146,8.97135269186653e-64
587,38.605085198356875,49.2610609475401,2.297844995665691e-65
588,38.68878532649348,47.42479620720554,1.5385921151715416e-65
589,38.707336280486075,32.74580041769023,1.4077163076822602e-65
590,38.83347528242279,69.15058630375945,7.691195786482651e-66
591,38.93937356765485,52.98537811999314,4.63017810981877e-66
592,38.958322560742005,19.164358343178986,4.2282527035000216e-66
593,38.96719290474223,63.22168208450864,4.052284423016976e-66
594,39.13805459142855,33.34811007221411,1.7869052130004428e-66
595,39.27164288289795,15.341516567867881,9.420560289003154e-67
596,39.37106001025778,18.40094079394442,5.85017947596683e-67
597,39.60649382494966,41.15415341484533,1.893140608653052e-67
598,39.94958014516752,25.792355708860182,3.6572065529271823e-68
599,40.028642848851064,48.62840378614729,2.503823428983883e-68
600,40.028854227562015,19.93032156409765,2.5012884415885863e-68
601,40.076156724983065,27.35507977602625,1.9939649711270666e-68
602,40.6374090419265,16.67027377875123,1.3540531569186029e-69
603,40.74236551611311,46.52522990356262,8.188411274892387e-70
604,40.79285548837864,44.59086074443082,6.428647361230239e-70
605,40.9381370820759,14.867525323811542,3.2044879859279296e-70
606,40.951224951680764,30.205998293793925,3.0096784048742636e-70
607,41.02512055822256,16.526945124210155,2.112166238664738e-70
608,41.12995626140828,34.434857361174295,1.2780368595814187e-70
609,41.133269105630305,55.17894057370601,1.2579073867248057e-70
610,41.24413705708733,58.630250114995974,7.394513356391245e-71
611,41.395210157467545,24.197005059447356,3.5850508678993745e-71
612,41.457800815223536,29.702373138406326,2.6560194818245583e-71
613,41.54518116686993,43.17602213557505,1.7473291626438676e-71
614,42.85038027210183,32.22128361933231,3.3572697308368217e-74
615,43.06997616695088,76.77155635287068,1.1720925178437448e-74
616,43.09856991644821,73.1696979237623,1.0220035501452725e-74
617,43.20695898206286,59.14279086483974,6.079563617621753e-75
618,43.240707279651915,18.20088463314029,5.171722819459956e-75
619,43.44171386507205,24.12840151768229,1.9737815528299023e-75
620,43.54116012531714,40.12898131002555,1.2255496513625995e-75
621,43.70431548546339,29.71245805990504,5.607521676986271e-76
622,43.78538184043514,38.6790236002791,3.802376868260352e-76
623,43.81808508807552,53.73640603214653,3.250820254581188e-76
624,44.07227240284821,43.35184367701741,9.615607722413536e-77
625,44.09992137329044,11.899229373671417,8.422354720176961e-77
626,44.18707476031716,7.548189472962541,5.5468874985248724e-77
627,44.43908900619773,27.414662810497855,1.6578901172214685e-77
628,44.491425464564884,12.217136940816708,1.2901279384995162e-77
629,45.04158703777885,43.34323004993326,9.239172900097214e-79
630,45.05231690666771,12.641046611182828,8.77610932515718e-79
631,45.10963433002875,24.580670220248045,6.668261872901287e-79
632,45.260598053990286,43.18748216583302,3.2346403982783784e-79
633,45.26979706050761,65.59914443048334,3.095144837883901e-79
634,45.33137907427215,39.51356177680944,2.3041784307475546e-79
635,45.351220660381436,46.22135769489968,2.0951816151185188e-79
636,45.36142612144775,43.442362739843155,1.9951796455479666e-79
637,45.43884537222176,20.26890344197286,1.3767547376807364e-79
638,45.50586470657481,17.23057731190723,9.985631251488765e-80
639,45.61469843324785,32.07806004612568,5.927479982463006e-80
640,45.62628116682253,46.84936523867502,5.607432299527866e-80
641,45.679516671398275,25.048426383257606,4.344801861804104e-80
642,45.68581350236366,30.160346925075295,4.215654128272108e-80
643,45.68963688944,21.455809797644015,4.139117118766433e-80
644,45.732201588763715,32.83273883225853,3.3753732043945216e-80
645,45.86780565852102,38.66175740132482,1.762388967806889e-80
646,45.93037091546802,50.04338735471754,1.3058417929632165e-80
647,46.28818191431422,26.689730609156147,2.3507805518373605e-81
648,46.497310044684305,50.96053528530198,8.629255426588854e-82
649,46.54199601382283,16.933301787057964,6.965825769516378e-82
650,46.549038905519375,21.695496957359932,6.734647941992939e-82
651,46.650807053335626,61.59908326392646,4.135370219060189e-82
652,46.799539177625206,47.80182599429739,2.0275528080145764e-82
653,47.04430060821809,32.336483026310205,6.274413892949014e-83
654,47.224070227662665,15.180542144433014,2.6511574096053406e-83
655,47.28061168564498,50.991715002491716,2.0219065560659885e-83
656,47.46165351831658,55.030751619067566,8.491329487030442e-84
657,47.483084644304654,67.94620256003662,7.662546100864211e-84
658,47.502096992320105,18.400389699126425,6.995270027698379e-84
659,47.55303925734174,32.2244879508889,5.480032384270337e-84
660,47.63629828394713,11.525379606254752,3.677087134357138e-84
661,47.86236737476695,65.86486508382235,1.2445361736329746e-84
662,47.90895380011457,26.701638340593895,9.955236146578444e-85
663,48.35610183530174,7.953873147687872,1.1680039088512035e-85
664,48.48518093526242,55.520246896197605,6.292222495516918e-86
665,48.57015497322331,64.157399804158,4.1875072801266074e-86
666,48.59301118177497,38.23566011681119,3.753073690823306e-86
667,48.854054875622076,34.20763275884449,1.0742400347127175e-86
668,48.92064365467961,24.922290014993376,7.80757837904899e-87
669,49.34140254274862,67.68184034707929,1.0395139926005939e-87
670,49.53819537807841,23.197776568743564,4.048217775882244e-88
671,49.8954153212875,20.90505056696874,7.308285442287382e-89
672,49.9238376360845,46.287731932068866,6.377681152098048e-89
673,49.93504133639964,33.20604818894971,6.044294164110213e-89
674,50.28053603623353,54.65370554191129,1.1542499800148149e-89
675,50.43866249536073,51.256157086391276,5.41011013346566e-90
676,50.77160931200912,20.510180345177314,1.0971730257775487e-90
677,50.82258164453004,28.429639824245655,8.59391762579766e-91
678,50.95025104529756,7.619454199401159,4.66106153140736e-91
679,50.975302134589455,47.556715366595434,4.13378945831609e-91
680,51.224567050545474,15.710898035695188,1.2519202405823586e-91
681,51.339872183105186,57.47976375996877,7.20448435216928e-92
682,51.55020762558321,8.872252836267247,2.629368599458636e-92
683,51.728247141598025,22.802613296599826,1.1202488966156138e-92
684,51.90150390265775,22.847181051745174,4.8835032020583065e-93
685,51.92956018562042,72.00854535435644,4.269141663828117e-93
686,51.95553216119258,47.33995543179428,3.769532823661642e-93
687,52.10834501080574,77.23221016599659,1.8123934204990173e-93
688,52.29980488078597,45.332290962229756,7.240774217120313e-94
689,52.350923174685036,52.632776318711066,5.667575241865461e-94
690,52.542785083455726,50.47570053662778,2.259920165345484e-94
691,52.727350125545605,82.1244788056411,9.332009766022716e-95
692,52.87952136061244,20.065635497978487,4.5006523181075414e-95
693,53.356127597146966,44.05613324985884,4.585213923177639e-96
694,53.54628093859999,64.72513029169363,1.8433647838062482e-96
695,53.639421444234955,49.023091699756314,1.1796867107550256e-96
696,53.698947110985486,19.550940200505337,8.869139778218153e-97
697,53.95052540436092,36.747372131446866,2.6564105206212094e-97
698,54.1068650081269,33.29587805684467,1.255799299525371e-97
699,54.45776878343297,56.6311221318951,2.3367761866656033e-98
700,54.866400616379806,60.28043871965876,3.297387654624355e-99
701,54.8681576068347,33.23536991496108,3.269740963161791e-99
702,54.968228591279015,26.688045880927277,2.024160722144976e-99
703,55.142670856235966,43.66428508455331,8.773940142504842e-100
704,55.14996353388049,6.159970506865015,8.472607760385656e-100
705,55.24798173985117,53.1555796687338,5.296890580691093e-100
706,55.523659775438844,40.239981249158035,1.4134425481381813e-100
707,55.83194808351212,38.163225753727744,3.226016746850371e-101
708,55.85831960750473,29.155119704195386,2.84303389814278e-101
709,55.90795509316761,37.633723092804665,2.2411986729244297e-101
710,55.979615342696185,31.924451142228236,1.589793071356683e-101
711,56.27218672398427,66.20800301770913,3.912363717270293e-102
712,56.95429108180879,35.53247204727562,1.4888103986334234e-103
713,57.01731207313429,55.56262208454028,1.1007272410150349e-103
714,57.27985676003963,21.535829779578826,3.1280240273466166e-104
715,58.10070159659973,13.791154474242274,6.122414155765483e-106
716,58.11350105288211,11.921788286937996,5.758168859342928e-106
717,58.43036303759136,23.86283544594296,1.2613315658170193e-106
718,58.60333246843085,39.72937994983448,5.506101460707726e-107
719,58.97679268946324,58.91265370940094,9.195947359514618e-108
720,59.143560502805784,15.072778676063388,4.135407079329657e-108
721,59.24044678252778,35.18105016364622,2.5994288776968113e-108
722,59.3647535970198,28.460038279138306,1.4327480444065524e-108
723,59.44755480212078,61.58756233503765,9.634816365240299e-109
724,59.541051317692585,26.324348934658143,6.155423132215269e-109
725,59.997998356537366,32.37696508097482,6.890597700013972e-110
726,60.41713610305604,53.909687151812705,9.24580674474278e-111
727,60.50278420821178,40.78586426788981,6.1332891936553966e-111
728,60.84687605472894,28.977637410105388,1.1791453782629338e-111
729,60.86115511601044,27.872121048602448,1.1011581107381597e-111
730,61.061767441570645,21.78675688230977,4.210503794887212e-112
731,61.191552538630866,17.12238828292908,2.2606041077438216e-112
732,61.34575760751707,61.72437981586886,1.0796723131609402e-112
733,61.49402927283735,17.483968595285052,5.305276863586943e-113
734,62.104514417578926,54.399016357141974,2.845526112529959e-114
735,62.53368386203512,39.936137152389676,3.638919598479703e-115
736,62.74201007568011,40.16252492190718,1.3409193235405532e-115
737,62.75001559604791,15.236474525593941,1.2904509763616244e-115
738,62.762449186404154,34.38392050903136,1.2158070154288918e-115
739,62.823209382737,44.80094271331257,9.086782788374497e-116
740,63.397122696298645,58.240551718618505,5.807352544246469e-117
741,63.53928013222173,48.48542364015037,2.9384564064451032e-117
742,63.56849749630543,61.16032616257469,2.5545352058359913e-117
743,63.569359740961175,64.42724036975996,2.54400161945433e-117
744,63.68217351788276,40.71130518956761,1.4815920865678218e-117
745,63.69612191598665,27.66125343828692,1.3857955323183498e-117
746,64.59343612564126,8.602511144149744,1.8801965280973626e-119
747,64.98189527844026,25.6521491069046,2.922399891528613e-120
748,64.98633305825733,32.357378379663004,2.860906787860931e-120
749,65.22774662590083,50.186092158134336,8.996473201685419e-121
750,65.80093427861135,8.1158477310109,5.769664832049872e-122
751,65.90540111849265,62.16952796600967,3.4973053208212725e-122
752,65.94129084513155,36.435650443939565,2.9446903048517083e-122
753,65.9709080914791,29.371367488709186,2.5550536827835e-122
754,66.38472416539034,18.282670939458008,3.51692773107182e-123
755,66.43784620287379,35.39691179007298,2.7265001727989905e-123
756,66.69846464060737,39.48622748520711,7.819965139629961e-124
757,66.70010992598306,102.96304712026098,7.758551350526555e-124
758,67.36269104903255,25.859963976733493,3.241997586912346e-125
759,67.85166349200298,33.16165051738371,3.112864378288244e-126
760,68.0154140827629,64.9608150165953,1.4202390592531037e-126
761,68.07641884989825,55.74966130810637,1.0602247832636838e-126
762,68.20091966433061,47.96124447661052,5.838295639544225e-127
763,68.48558102729211,55.21672614136412,1.4922688897356199e-127
764,69.19146871935234,65.53954652497266,5.066980498909578e-129
765,69.74030824539238,37.51650495833692,3.651749680004668e-130
766,70.3058548677381,84.96114945229027,2.42930393836993e-131
767,70.46419445713052,11.325859437079696,1.137481957317412e-131
768,71.02667186309681,65.71221430729844,7.679148095144687e-133
769,71.13400479996056,33.60338226522904,4.591251337358672e-133
770,71.28357714190973,48.34325482853348,2.242023601830351e-133
771,71.84657457956445,24.531163555621966,1.5098243090914494e-134
772,71.8960713936799,78.50779079485667,1.191004318775715e-134
773,71.96757566225433,49.73096618132135,8.454700118164961e-135
774,72.08175274959845,49.9217576485454,4.891838877586074e-135
775,72.65829729326404,22.837228764030886,3.087194958915414e-136
776,72.76069029782887,23.993452422366413,1.890005634380149e-136
777,72.95315735001704,40.32050924613926,7.514489354846615e-137
778,73.00734316707224,22.215193722633565,5.795989823933761e-137
779,73.40469615098547,21.819331233308745,8.632848399863389e-138
780,73.48927722008047,45.06794194100087,5.756035551937464e-138
781,74.32413038435757,19.445630248911975,1.053469273484874e-139
782,74.48422666535983,36.96583315412718,4.89134727587046e-140
783,74.56062071803552,61.613161030509374,3.391850646445959e-140
784,74.83903571370269,30.6629020538339,8.933007553037402e-141
785,74.9434863574277,80.54999966860282,5.415198393509012e-141
786,75.14746420392487,73.81723527096182,2.0374849537209143e-141
787,75.33074652731051,25.473004575019637,8.465373018541329e-142
788,75.45686286527786,47.35957300436887,4.625641739155489e-142
789,75.91870296277935,31.853274432449634,5.058101169626878e-143
790,76.02761403462085,40.97627631634851,3.001380882710723e-143
791,76.5351668050071,6.239809090681829,2.636326113719745e-144
792,76.86670217200694,81.75637142199554,5.3827680384495755e-145
793,77.24908298977863,82.3183764999765,8.613751337135243e-146
794,78.02736831942984,55.906101464360376,2.067378829925573e-147
795,78.33361732478716,68.33883223803079,4.7648883774974516e-148
796,78.72507409371573,78.78538006845056,7.300464116725193e-149
797,78.75330097754954,51.07917968545941,6.376825085498509e-149
798,79.10341221160189,79.74679107199537,1.19110714032693e-149
799,79.13596086977283,64.40564940692958,1.0190848808017483e-149
800,79.26144991431195,69.69275419652996,5.585239219065131e-150
801,79.36577308713251,65.69154504825072,3.387846644971209e-150
802,79.65340784754912,68.7272206427462,8.536827227205828e-151
803,80.59642051291246,53.49244058644031,9.304492100146185e-153
804,80.96303274769528,47.39559115231147,1.6058205440028274e-153
805,82.02378400653726,7.898190656290993,9.955312487131197e-156
806,82.06630228718379,18.39645042071257,8.120178697336719e-156
807,82.08096063872486,22.72117830176871,7.56934908065333e-156
808,82.16323376228624,77.17391886204126,5.103066152019938e-156
809,82.33234841546259,35.30484255609203,2.2691788699828328e-156
810,82.36462736620604,39.43328261224897,1.9439700872321224e-156
811,82.36934311240555,70.24422374704444,1.900531786721028e-156
812,83.01652358672051,49.55093265384004,8.549862135553943e-158
813,83.56149352706827,53.97834408277585,6.277175698185653e-159
814,84.06346275677123,69.72396272089556,5.6632117948027416e-160
815,84.24996222240122,51.139715053036994,2.3169622436884126e-160
816,84.30668761950515,70.68327092953893,1.7654755512419835e-160
817,85.40901989687998,41.14215251016672,8.967696885881282e-163
818,85.721195232946,46.001623611785526,2.0089987688995243e-163
819,85.90854260955825,50.25891219238003,8.185988796656904e-164
820,86.61229681423377,44.27082500083732,2.808106151655767e-165
821,86.68518798358437,84.30523659646705,1.9802132685110637e-165
822,87.41397480921131,46.35905294744762,6.0249895065272815e-167
823,87.68064515355317,21.425538557863455,1.6786506257794362e-167
824,88.01004668312348,15.757774609856272,3.4626437017735874e-168
825,88.2030539688115,72.47299684458906,1.373155887457753e-168
826,88.21708972855595,65.29520351745671,1.2838329945540778e-168
827,88.25194237701406,62.64201713830016,1.086358043519026e-168
828,88.40377221235201,38.15460222357402,5.2478786891109805e-169
829,88.63516320435855,37.23569126375611,1.7314558277067436e-169
830,89.16352060583422,91.47471156450239,1.376545935566246e-170
831,89.28186403786952,24.283474864384353,7.807169747529755e-171
832,89.6324398314832,91.99919425992798,1.4550338651506689e-171
833,89.71953593675349,66.782896988857,9.585353761284188e-172
834,89.81448273912665,63.03941595280003,6.081409812470425e-172
835,90.12444217243379,85.08224914881144,1.3769392232322723e-172
836,90.78936713109854,9.294167859136936,5.689430733882621e-174
837,90.81607764564306,73.11469776566815,5.005860301277809e-174
838,91.44176365541392,25.0485035249394,2.4963019329891438e-175
839,91.63707496955743,60.724084106283854,9.790705605229388e-176
840,92.18961426667948,55.53185337459911,6.932115218795597e-177
841,92.54040931804522,57.26644516627726,1.2905918885556776e-177
842,92.68896017456004,70.90967486970192,6.333211115079082e-178
843,93.16611259093739,35.94701944785431,6.435338422043815e-179
844,93.85360602564548,37.544741541428905,2.386468910746907e-180
845,94.2127857112888,51.33081316018701,4.2680430052955904e-181
846,94.77354252668198,39.99046151295518,2.9052145941287135e-182
847,95.40930000037898,25.136681896352496,1.3804980937059223e-183
848,97.79201512500941,34.94925905050114,1.5174496293366562e-188
849,98.04782968569111,30.382628638392493,4.4536022751227205e-189
850,98.21794466356121,48.408219971352494,1.9709113061831375e-189
851,98.34909680367396,141.5825809122048,1.051265547220716e-189
852,99.55722325026424,18.971193496863297,3.216267496482347e-192
853,99.79260949993127,23.206474007867115,1.0410338134671031e-192
854,100.0265417781069,24.796983583981614,3.393153638865205e-193
855,101.50932572478268,88.62159199396709,2.7837123636492507e-196
856,101.61861174433588,57.930902999663964,1.6488365849821913e-196
857,101.65295127982877,27.501389720804408,1.3986529331878745e-196
858,101.65919709258118,36.41215097234803,1.3574102870152142e-196
859,102.47402108164519,51.21644080742191,2.7346036269257688e-198
860,102.61387891349345,21.484555174924008,1.3990118610597278e-198
861,103.15311742513833,58.874855274630896,1.0557348414261326e-199
862,103.40599245452677,75.95244608692639,3.142460095233606e-200
863,103.69249470767556,68.92854487344198,7.961584364374797e-201
864,103.78079767252872,41.99035479118197,5.2146218747546745e-201
865,104.31698532706068,76.85869729236549,3.9930591431409667e-202
866,104.65174899551232,38.32214246652427,8.027744011243612e-203
867,104.89426948227054,50.70885689854824,2.5110674055282736e-203
868,105.3172185658091,93.35074861999786,3.308370268372756e-204
869,105.49923044919527,18.694541172052027,1.3829607236628862e-204
870,105.74467858950385,93.4829023492418,4.265614961647897e-205
871,105.95859114736898,46.00858585722606,1.5303314585552316e-205
872,106.34189234247,17.91547863498088,2.4381289783857487e-206
873,107.96746919913318,43.63130752010008,1.0090112728814158e-209
874,108.32533361936763,81.68989793506101,1.815960353060951e-210
875,108.51280182611791,41.59944729694731,7.395139408274531e-211
876,110.18242911931912,68.31458310108157,2.4780363066499862e-214
877,110.21631968412595,65.17822253811029,2.1065628014846647e-214
878,110.25072016805689,54.205163389968135,1.7864049357398402e-214
879,110.73831750552927,40.092997308977914,1.7265903152224355e-215
880,111.35013156377121,12.446289780071854,9.201912085738738e-217
881,112.55717952457954,53.189547445324926,2.8298431283049677e-219
882,112.80065645238126,44.844555288786914,8.81123259451331e-220
883,112.84801402811848,31.85675550149101,7.022241881801143e-220
884,113.21093013486242,122.39458714614568,1.2335947931457707e-220
885,113.22110131198265,21.76928049822601,1.1749089458396662e-220
886,113.61536969450427,5.5283281789093754,1.7760304286161782e-221
887,114.57872467830887,60.371143169151665,1.7559414152310846e-223
888,115.97686168447143,19.66146209104835,2.1612180929501504e-226
889,116.84627555703818,73.29089182385596,3.3517300967272706e-228
890,116.89361463093937,15.501484421330264,2.671447626426865e-228
891,117.01070043036404,55.00108485813392,1.5242877898184507e-228
892,117.7844319947489,63.09210551169396,3.7391426134820287e-230
893,117.93628226978396,83.95716102407266,1.8060937656766942e-230
894,118.34952740842552,22.691462410684906,2.4928258664598069e-231
895,119.64935267996944,111.78811943556343,4.9145924380924293e-234
896,119.91783398232178,36.620027710871575,1.3574459710604555e-234
897,120.02307784172712,28.880853197903555,8.197631245138588e-235
898,120.51250341438819,123.68163979738641,7.854035042035683e-236
899,120.68264695494243,15.569231262179494,3.475273913900453e-236
900,120.87129472383891,34.49828700290919,1.407259312526457e-236
901,121.63641744736276,35.20017929914322,3.597459914303452e-238
902,123.30807848212605,80.06771092876167,1.1937809038124635e-241
903,123.76238386455422,48.088713381184476,1.3533852587392166e-242
904,123.86187972514415,38.10532113387552,8.401368580916525e-243
905,124.05627995931084,34.53068410548252,3.3095051605847697e-243
906,125.34871525275601,29.812222724605668,6.759875488424896e-246
907,127.17957311423032,33.53805520411852,1.0460343240223683e-249
908,127.99049049980694,55.16861596433488,2.1471363889720298e-251
909,127.99683677321539,81.86186869058443,2.0828199488585134e-251
910,128.36226014548328,45.49335066303221,3.6151834063903813e-252
911,129.609378938738,27.105728028557593,9.17527206517012e-255
912,129.85065504225824,94.38047586455183,2.887178430182818e-255
913,130.10078187810993,80.16101164955165,8.707793050231324e-256
914,131.13507034912558,25.889543932150367,6.128306874498023e-258
915,131.84640819946287,76.11990665487349,2.0272147100693423e-259
916,132.34239951958847,22.790267647254154,1.8820862877723053e-260
917,132.41401401339874,42.29226207253294,1.3353496623695718e-260
918,132.99757813833165,50.197365211475336,8.148500882837974e-262
919,133.30529117589336,13.226301841299533,1.8649338445702398e-262
920,134.34194088320947,20.010329014952397,1.2977218478497826e-264
921,134.37762486599817,10.199155349273454,1.093744518529274e-264
922,135.44826017636768,75.1523842249463,6.4670024714989965e-267
923,136.04732582020284,118.00417533603857,3.663733583177273e-268
924,136.24987421423367,47.14834016806056,1.387966259359025e-268
925,139.20192201152113,26.797642074461052,9.96686749034233e-275
926,139.51924334692583,56.68111519508369,2.1784497609600137e-275
927,140.17991305597542,93.43560542534155,9.186660010092635e-277
928,141.93292445484346,20.34918856304309,2.0643314282190304e-280
929,142.02885420407458,81.66407458738735,1.3035564237896034e-280
930,143.21376528434018,33.888847687197114,4.457440235518681e-283
931,143.5176231189867,71.02639777197092,1.0391894159247367e-283
932,143.52015139377124,60.84286202626738,1.02667468498825e-283
933,144.21395709351071,65.92283779252506,3.6938573427222405e-285
934,145.72504745979637,25.644185170784137,2.6459976629870904e-288
935,145.73527407875395,35.233947205336065,2.519450054475987e-288
936,146.61555352770372,102.25639663790471,3.709050041186586e-290
937,146.6480594145913,88.38327460305817,3.174031546612378e-290
938,147.46655045898353,45.68380361408644,6.2829353345924305e-292
939,147.5046585312091,58.5202856165761,5.234218319198013e-292
940,148.23702829919984,60.047257955296686,1.5654504285926684e-293
941,149.138575287752,45.548772113329406,2.0812973133394713e-295
942,149.7673356655411,87.92014464507312,1.0227138025720364e-296
943,151.0461204070203,35.57705593643673,2.2301771667924065e-299
944,151.1411352971928,38.53236835485702,1.4144701445880325e-299
945,152.27615185411491,90.75861922468289,6.143136875927444e-302
946,152.93688884857636,28.78421394374502,2.5897552348142776e-303
947,153.6308152336679,50.467106798565155,9.311869202537727e-305
948,154.8388696420593,36.671494884032384,2.7646575230206475e-307
949,155.6125960926403,47.76320611273595,0.0
950,159.25581434298104,20.623275744200683,0.0
951,160.93482367780166,65.70007325284354,0.0
952,165.4518259760366,79.68809584152172,0.0
953,165.83779291108306,47.173412677206194,0.0
954,169.68207172010514,24.0849283895257,0.0
955,170.23004479205218,15.3001378909611,0.0
956,171.33667674018216,53.917683949604864,0.0
957,180.7857753150753,66.6596137546995,0.0
958,180.9658697143808,39.08124160309046,0.0
959,183.52887357574377,71.9881700245677,0.0
960,185.41124172593877,64.63200927760508,0.0
961,186.55703047150723,31.984432214568628,0.0
962,191.09902664193595,17.70609848549559,0.0
963,193.15295428900885,23.560241719184276,0.0
964,193.73872991259248,55.98596662144017,0.0
965,196.5091116252574,63.96665052353054,0.0
966,197.6423814334957,78.51096280307323,0.0
967,199.4418926149282,51.276968642437254,0.0
968,201.05398872562165,128.33727180097,0.0
969,202.12417695091236,24.63554263635416,0.0
970,202.22287993743487,43.4989502951176,0.0
971,205.4817298020579,59.687066953684955,0.0
972,206.5098738918482,63.632142392928145,0.0
973,207.18883077078465,58.611247036393905,0.0
974,210.04547222110452,7.826148546952178,0.0
975,210.26479543216016,30.374778966742618,0.0
976,213.21582312830606,59.385303059785336,0.0
977,218.43910113334402,57.49912160222475,0.0
978,219.01688387847506,81.92972023142048,0.0
979,220.33757837824288,61.58533635516266,0.0
980,221.41105234261624,85.30490523227859,0.0
981,221.7228471962764,66.73244203704851,0.0
982,223.3023387447432,41.681799568416004,0.0
983,234.91097588944882,124.56860006366315,0.0
984,235.3461505853217,57.61455321786215,0.0
985,237.16837144729053,90.42892462092684,0.0
986,239.3364911165194,56.04385625916659,0.0
987,241.09746313509407,75.52353704844458,0.0
988,252.76703095886336,13.968044483248036,0.0
989,256.46647060906344,43.87809134766223,0.0
990,267.22439638400033,48.33361116971571,0.0
991,270.0926036768659,36.612341385562374,0.0
992,273.4079001682253,67.27311021480111,0.0
993,284.96816685845687,96.97887626520205,0.0
994,323.2921856287076,37.31264422135022,0.0
995,344.6788987497231,75.04740265499777,0.0
996,386.81306796159845,41.48698423192611,0.0
997,440.0729174336615,64.8265919469572,0.0
998,444.44698234321845,101.59697431201147,0.0
999,519.7341086587318,237.35673536278873,0.0
