,0,1,w,weights
0,0,3.1242121775470455,8.243012681031889e-09,0.866549443738338
1,1,3.710799803675301,2.50200207062722e-10,0.026302379802511426
2,2,3.7834451785893757,1.622995844527131e-10,0.017061797678668143
3,3,3.842916715361632,1.1387660747763155e-10,0.011971316153816422
4,4,3.8631097926643583,1.0096825158910506e-10,0.010614320957082254
5,5,3.8754934082757253,9.378689781306124e-11,0.009859378758068194
6,6,3.882705816554206,8.984212795380983e-11,0.009444683517446272
7,7,3.8886493385595164,8.671637965142271e-11,0.009116088189801995
8,8,3.949077280230326,6.049835255561143e-11,0.006359909390262908
9,9,3.9993799662005456,4.4831689591005026e-11,0.00471294624674434
10,10,4.042128091547575,3.475154574502293e-11,0.0036532677795938144
11,11,4.05388463243874,3.2400672219230094e-11,0.0034061314200001095
12,12,4.077782707118939,2.810073228738028e-11,0.002954098807624427
13,13,4.089308414718232,2.623583033303366e-11,0.0027580503707605275
14,14,4.09458863612631,2.5423317159312818e-11,0.0026726346537208046
15,15,4.131877107202945,2.03586097320167e-11,0.0021402056045795783
16,16,4.18816695747332,1.4557870739426764e-11,0.0015304009928668076
17,17,4.190562256931238,1.4351589709864514e-11,0.001508715631174684
18,18,4.234557193003938,1.1042385416792353e-11,0.0011608344316252947
19,19,4.252711836138133,9.910319934326823e-12,0.0010418256720775567
20,20,4.292449402509203,7.821076447749886e-12,0.0008221932571847345
21,21,4.296943074827461,7.614460396712832e-12,0.000800472676248887
22,22,4.331041332570252,6.21455056969389e-12,0.0006533066910892914
23,23,4.349419930722508,5.569997692578889e-12,0.0005855478559719796
24,24,4.38469628444596,4.514163453176715e-12,0.0004745529311504748
25,25,4.435081092033906,3.343538654872435e-12,0.0003514906107283387
26,26,4.453823659622065,2.990266288342261e-12,0.0003143527359548007
27,27,4.488144827309464,2.4372701988732204e-12,0.00025621883852412417
28,28,4.617315998235732,1.1289446567292883e-12,0.0001186806817064933
29,29,4.624926238431521,1.0788998166844485e-12,0.00011341970128817843
30,30,4.625956333717416,1.0722986094561003e-12,0.00011272574718752666
31,31,4.64479141270993,9.58473004294628e-13,0.00010075979266912283
32,32,4.7633393456279345,4.729732063186693e-13,4.972146528194762e-05
33,33,4.766097781828887,4.652635948691772e-13,4.891098981969712e-05
34,34,4.776309304302298,4.3780095889426984e-13,4.602397109868923e-05
35,35,4.820573659550301,3.3631208725849477e-13,3.535491978642033e-05
36,36,4.831534943591133,3.1505044779784257e-13,3.31197828819255e-05
37,37,4.845256674460646,2.9031873084075163e-13,3.051985292898767e-05
38,38,4.848733039467151,2.8436749052667284e-13,2.9894226815905845e-05
39,39,4.876087283442573,2.416021015578851e-13,2.5398501107824367e-05
40,40,4.903522056046634,2.0516964245250758e-13,2.156852675337117e-05
41,41,4.9150636978489874,1.9153539777389514e-13,2.0135222256675313e-05
42,42,4.917455052596319,1.8882583160505716e-13,1.9850378213940582e-05
43,43,4.9722488198519414,1.3623298413664362e-13,1.4321537669604083e-05
44,44,4.983082857091663,1.2771712871487004e-13,1.3426305542195755e-05
45,45,5.01273976524815,1.0703153498755144e-13,1.125172563659245e-05
46,46,5.065945260375276,7.795469548726163e-14,8.195013234265914e-06
47,47,5.097900891081144,6.44402076637126e-14,6.77429821670283e-06
48,48,5.098581879212633,6.417928452368365e-14,6.746868585013576e-06
49,49,5.114765791051322,5.827991658910924e-14,6.126695573042267e-06
50,50,5.1428590597168515,4.929779037530491e-14,5.182446573878369e-06
51,51,5.143905730094662,4.899132542487557e-14,5.150229344256614e-06
52,52,5.17621459882551,4.0412883224934006e-14,4.248417761022427e-06
53,53,5.184566056185966,3.8451244435387656e-14,4.042199832253677e-06
54,54,5.203792598101438,3.428953772513494e-14,3.6046990331744568e-06
55,55,5.2203809008852655,3.106270820097034e-14,3.265477508544551e-06
56,56,5.2409303854443685,2.748320813645161e-14,2.8891813763175954e-06
57,57,5.242088786321798,2.729418048568741e-14,2.8693097817975717e-06
58,58,5.251903282366872,2.5743939333896624e-14,2.706340166230218e-06
59,59,5.2742314064456775,2.2537247544187026e-14,2.3692356276180934e-06
60,60,5.284054119677844,2.125614760469661e-14,2.234559571314894e-06
61,61,5.333985542752034,1.5786532931489924e-14,1.6595645135689712e-06
62,62,5.340077855989307,1.5223792998020334e-14,1.6004062913040046e-06
63,63,5.403621695470246,1.0425643729209531e-14,1.095999257037375e-06
64,64,5.417997931639128,9.569831690411143e-15,1.0060317324365903e-06
65,65,5.418289034294576,9.553248397922729e-15,1.0042884083101756e-06
66,66,5.43834257663846,8.477395264609506e-15,8.911889906225134e-07
67,67,5.461426820504299,7.388084277983244e-15,7.766748116390011e-07
68,68,5.470216086575945,7.011155068704167e-15,7.370500034203843e-07
69,69,5.489911470159726,6.23487388057187e-15,6.554431858901256e-07
70,70,5.5282768823102115,4.960860154514695e-15,5.215120701258283e-07
71,71,5.614868027472735,2.961433467376295e-15,3.113216760818784e-07
72,72,5.660528661272976,2.2560819480793566e-15,2.3717136352767783e-07
73,73,5.673354228458304,2.0901076450678207e-15,2.1972325984096843e-07
74,74,5.6862236508143695,1.9358377810063095e-15,2.03505589183284e-07
75,75,5.701794535498495,1.7643275779633338e-15,1.85475522168546e-07
76,76,5.772057712547568,1.1608414689858644e-15,1.220338446807012e-07
77,77,5.825074701696198,8.46430296429702e-16,8.898126582071642e-08
78,78,5.837340532005536,7.867799877726938e-16,8.271050732673822e-08
79,79,5.841039193612865,7.696317935681038e-16,8.09077977199341e-08
80,80,5.906314678087978,5.216537937992727e-16,5.483902819668665e-08
81,81,5.92555697464399,4.651497965425475e-16,4.889902673284342e-08
82,82,5.960421941700815,3.779023263523829e-16,3.972710747390083e-08
83,83,5.973052393211699,3.505082232759921e-16,3.684729329659381e-08
84,84,5.998020733431703,3.020595082482942e-16,3.1754106050418996e-08
85,85,6.003599502633308,2.9218466512171487e-16,3.071600988952974e-08
86,86,6.047809245828336,2.2452489181329984e-16,2.3603253765936164e-08
87,87,6.049963964316799,2.2166093016357257e-16,2.330217884703304e-08
88,88,6.075022953172409,1.909188884482038e-16,2.0070411509208347e-08
89,89,6.09118176995654,1.7339552343052853e-16,1.822826194616904e-08
90,90,6.098695991003126,1.65803921480751e-16,1.7430192271740362e-08
91,91,6.122409568265121,1.4395799946466333e-16,1.5133632469696958e-08
92,92,6.153028128659962,1.1995272834865539e-16,1.2610070376891753e-08
93,93,6.159322461000036,1.155376461303925e-16,1.2145933393444119e-08
94,94,6.167039456460457,1.1034578598737833e-16,1.1600137372864302e-08
95,95,6.270462611610027,5.958649515585324e-17,6.264050078491204e-09
96,96,6.273629438144338,5.847276924647581e-17,6.146969272650787e-09
97,97,6.2766596928788285,5.742656819079103e-17,6.036987039464581e-09
98,98,6.278368521197424,5.684486797443238e-17,5.975835611168469e-09
99,99,6.313052410111917,4.6232409989553866e-17,4.860197443505024e-09
100,100,6.3498126210779295,3.7138923409343805e-17,3.904241648865068e-09
101,101,6.362274494230964,3.4481341477182684e-17,3.6248624662632305e-09
102,102,6.364635295048687,3.3999737967815226e-17,3.574233737509102e-09
103,103,6.382304065801819,3.0602544682172075e-17,3.2171026659143937e-09
104,104,6.408563911270162,2.6170382142330263e-17,2.751170107992254e-09
105,105,6.410524544170723,2.586645527038114e-17,2.7192196947130552e-09
106,106,6.4137180464175945,2.53789537806282e-17,2.6679709388135148e-09
107,107,6.424901929024831,2.3742987550699052e-17,2.4959894459569074e-09
108,108,6.43710649843114,2.2077809555305712e-17,2.32093705656124e-09
109,109,6.465115738734041,1.8684519715065794e-17,1.96421633596e-09
110,110,6.476279345068267,1.748219876771207e-17,1.8378219473499006e-09
111,111,6.484853581623861,1.6611550676202565e-17,1.746294777784154e-09
112,112,6.526450751664905,1.2965142603082065e-17,1.362964918947882e-09
113,113,6.540243211902508,1.1942334755831484e-17,1.2554419045619273e-09
114,114,6.553767663347954,1.1017794240753144e-17,1.158249276082991e-09
115,115,6.604365430065032,8.150283075476276e-18,8.568012131797222e-10
116,116,6.641539442878218,6.5310762777971274e-18,6.865815612004226e-10
117,117,6.760172263071146,3.2212302091635137e-18,3.386328947821467e-10
118,118,6.77988847197668,2.8642173949606657e-18,3.0110180420566e-10
119,119,6.852061458174735,1.863193794758115e-18,1.9586886602026341e-10
120,120,6.8773617157163915,1.6024832217969069e-18,1.6846158051455231e-10
121,121,6.9194313900943145,1.2472054683840488e-18,1.3111288877943553e-10
122,122,6.9827701431779605,8.551625589808651e-19,8.989924781942179e-11
123,123,6.984567707369103,8.46052809940253e-19,8.894158242823498e-11
124,124,7.008956404811258,7.316301603290642e-19,7.691286341391096e-11
125,125,7.0222822977504595,6.75788486299134e-19,7.104248889909267e-11
126,126,7.026689174155804,6.582759285417077e-19,6.920147545287368e-11
127,127,7.064336055074718,5.260130138243252e-19,5.5297292648533814e-11
128,128,7.109209309087641,4.02612012390562e-19,4.2324721419176555e-11
129,129,7.122997473116461,3.7085982384951384e-19,3.898676206106045e-11
130,130,7.1332030994513875,3.489817213580337e-19,3.668681927586153e-11
131,131,7.156407211622495,3.039218531606879e-19,3.194988567739898e-11
132,132,7.157583489679164,3.0179935240043817e-19,3.172675708057407e-11
133,133,7.1727160356456725,2.7578000052018356e-19,2.8991464079005597e-11
134,134,7.183275919871468,2.5896377474727e-19,2.7223652763753275e-11
135,135,7.209587366397004,2.213900113160824e-19,2.3273698413279606e-11
136,136,7.245097692613035,1.7917395600248232e-19,1.8835721588009508e-11
137,137,7.252341533458758,1.7160558164683842e-19,1.804009372212277e-11
138,138,7.265452004916831,1.5871135581155894e-19,1.6684583951925595e-11
139,139,7.3244557766557445,1.1166972807172766e-19,1.1739317223864005e-11
140,140,7.3668640950918896,8.673686693102136e-20,9.118241921869005e-12
141,141,7.379059088656513,8.065831149483763e-20,8.479231764323274e-12
142,142,7.415467635652703,6.492946670077379e-20,6.8257317353464345e-12
143,143,7.432449405520031,5.868152945440184e-20,6.168915258791179e-12
144,144,7.5170886729462865,3.544026112847272e-20,3.7256692128459765e-12
145,145,7.521482982823862,3.452443780169297e-20,3.629392981679941e-12
146,146,7.531844516531434,3.245757706569374e-20,3.4121135608698622e-12
147,147,7.534248971387296,3.199591677247928e-20,3.3635813693324606e-12
148,148,7.546726238519962,2.9703632956182656e-20,3.122604272393969e-12
149,149,7.583201544699034,2.390174119510217e-20,2.512678475511055e-12
150,150,7.610545637271668,2.030844020518415e-20,2.134931516421325e-12
151,151,7.614826318339706,1.979704114718691e-20,2.0811705207291114e-12
152,152,7.650423134415137,1.601376138574482e-20,1.6834519802338232e-12
153,153,7.6563155975379065,1.5461320268710098e-20,1.6253764244644856e-12
154,154,7.65742451852773,1.5359505646250076e-20,1.6146731284887094e-12
155,155,7.668018519099517,1.4419998343851365e-20,1.5159071115256258e-12
156,156,7.718728027751903,1.0659924113785485e-20,1.1206280602175835e-12
157,157,7.730544540364873,9.935250689086272e-21,1.044446525945523e-12
158,158,7.738041625615472,9.501235564202636e-21,9.988205419036231e-13
159,159,7.844450407698805,5.0401893273385725e-21,5.298515757462598e-13
160,160,7.878792364997232,4.107587946256028e-21,4.3181154605343657e-13
161,161,7.880637640927048,4.0626762044309644e-21,4.270901842890195e-13
162,162,7.939508363496532,2.8607765203199084e-21,3.007400811171122e-13
163,163,7.955212575152521,2.605248829864201e-21,2.7387764785485783e-13
164,164,7.9915918730150235,2.097575498114839e-21,2.2050832037092544e-13
165,165,8.016955215205387,1.8033907239805087e-21,1.8958204835765953e-13
166,166,8.021626297782163,1.753894163419469e-21,1.8437870600203906e-13
167,167,8.075690110060371,1.2709047668178984e-21,1.3360428539248434e-13
168,168,8.09302394519467,1.1462032270926707e-21,1.204949946436215e-13
169,169,8.096903613277629,1.120012751093952e-21,1.177417121623078e-13
170,170,8.143936567226572,8.463012309218038e-22,8.896769776636507e-14
171,171,8.169929720379123,7.248824141519795e-22,7.620350435764073e-14
172,172,8.178201056733721,6.9002597781539805e-22,7.253920991979882e-14
173,173,8.187825880746328,6.5157012413203e-22,6.849652553882152e-14
174,174,8.216097427104977,5.50564748043211e-22,5.787830185638616e-14
175,175,8.223140178181485,5.279408269527668e-22,5.549995464345305e-14
176,176,8.267738741593359,4.0474943489783514e-22,4.254941866960945e-14
177,177,8.34691141834286,2.5253790264651343e-22,2.6548130826578813e-14
178,178,8.379205829153335,2.083361460574637e-22,2.1901406495723657e-14
179,179,8.439079348981451,1.458282303443775e-22,1.5330241111608656e-14
180,180,8.463201061779852,1.2630674920640741e-22,1.3278038928299774e-14
181,181,8.465985678479871,1.242285306823842e-22,1.3059565516254313e-14
182,182,8.481396412770444,1.1333028985845658e-22,1.1913884332791824e-14
183,183,8.493967133708171,1.051524022245918e-22,1.1054181181250265e-14
184,184,8.5213147144041,8.934231511968042e-23,9.392140527383335e-15
185,185,8.526898744597432,8.641885286672217e-23,9.084810587818827e-15
186,186,8.543782304015457,7.814878061792623e-23,8.215416498038916e-15
187,187,8.643443401238308,4.315674063927948e-23,4.536866682321519e-15
188,188,8.674396814027906,3.588860134227302e-23,3.7728011266143706e-15
189,189,8.67519873382465,3.5717541821978703e-23,3.754818437773155e-15
190,190,8.755486621806023,2.2137892066543045e-23,2.3272532504949115e-15
191,191,8.765013210762772,2.0916363031017343e-23,2.1988396052410606e-15
192,192,8.81454027831936,1.557165042647718e-23,1.6369749189155047e-15
193,193,8.832787118917365,1.3967570038140135e-23,1.4683454357383617e-15
194,194,8.843849184148812,1.3076686459580903e-23,1.3746910038808723e-15
195,195,8.856927799933887,1.2096416433787158e-23,1.2716397920927813e-15
196,196,8.872526415338264,1.102288400129677e-23,1.1587843388493009e-15
197,197,8.881940617078168,1.0421637069019783e-23,1.0955780555552197e-15
198,198,8.925306508992762,8.04871391538896e-24,8.461237215173395e-16
199,199,8.948909434184408,6.992843496567724e-24,7.351249933223987e-16
200,200,8.97257872333298,6.073085692213097e-24,6.384351488955522e-16
201,201,8.99281898178901,5.383164397868515e-24,5.659069438603646e-16
202,202,8.995308371328736,5.3039123150789465e-24,5.575755423553741e-16
203,203,9.022142063758025,4.520266368039484e-24,4.751945021008247e-16
204,204,9.045884404569339,3.9240145264790046e-24,4.12513329376059e-16
205,205,9.046174980290429,3.91722700985787e-24,4.1179978943865925e-16
206,206,9.051964396373883,3.7844136338295236e-24,3.978377392063203e-16
207,207,9.068614267975335,3.427022656249391e-24,3.602668940792938e-16
208,208,9.069179016906858,3.4155109736335546e-24,3.590567246238713e-16
209,209,9.074404699022768,3.3108096122108854e-24,3.48049959256612e-16
210,210,9.085006836529217,3.1081439585976703e-24,3.267446651609813e-16
211,211,9.097262980321315,2.889271107141357e-24,3.037355840133408e-16
212,212,9.099464451033306,2.8516221443622077e-24,2.997777243064559e-16
213,213,9.107500740154478,2.7183041104525387e-24,2.8576262174685985e-16
214,214,9.112110734197667,2.6446588639067222e-24,2.7802064076275914e-16
215,215,9.117329831830677,2.5636882910162632e-24,2.6950858241558964e-16
216,216,9.141958890943393,2.2137950446168558e-24,2.3272593876724187e-16
217,217,9.148045002556811,2.1349591411733513e-24,2.2443828825412555e-16
218,218,9.159220648862537,1.997434419772287e-24,2.099809562759047e-16
219,219,9.171421453329671,1.8573890852657865e-24,1.9525864400844796e-16
220,220,9.226425396690203,1.3383814886590248e-24,1.4069779816982912e-16
221,221,9.260986347734978,1.0893145240204542e-24,1.1451455085325074e-16
222,222,9.316461186543819,7.827298243026478e-25,8.228473254780407e-17
223,223,9.360916317244827,6.005981879692176e-25,6.31380838334253e-17
224,224,9.410210565483055,4.477492976055635e-25,4.706979350731289e-17
225,225,9.431118908570518,3.953069728447185e-25,4.155677671256416e-17
226,226,9.465818292156,3.2147681213778817e-25,3.379535656590807e-17
227,227,9.49163442353776,2.756451078311223e-25,2.89772834403006e-17
228,228,9.508756374171977,2.489127594308074e-25,2.61670364429355e-17
229,229,9.513521116142869,2.4194595551933306e-25,2.5434648869637914e-17
230,230,9.539765866619074,2.069235633339532e-25,2.1752908268114578e-17
231,231,9.552881677707104,1.913695009502159e-25,2.0117782298029125e-17
232,232,9.553098479885552,1.9112246920752304e-25,2.0091813004095027e-17
233,233,9.577098861915342,1.6565732483137076e-25,1.741478125032259e-17
234,234,9.635093034370954,1.172601495268508e-25,1.2327012134651573e-17
235,235,9.655841910958273,1.0362454239196707e-25,1.089356440928803e-17
236,236,9.686362099589113,8.639557330419213e-26,9.082363316081966e-18
237,237,9.70447358011694,7.755824047883414e-26,8.153335769931708e-18
238,238,9.748399246411005,5.969941495995461e-26,6.275920810372552e-18
239,239,9.758173972315303,5.632198140813134e-26,5.9208669873534085e-18
240,240,9.758511686227603,5.620877086180859e-26,5.908965691099548e-18
241,241,9.771525604693556,5.201522864972482e-26,5.4681181743249495e-18
242,242,9.849216470200899,3.2741986404661084e-26,3.4420121870169818e-18
243,243,9.887119572959936,2.6123451900252525e-26,2.7462365507188863e-18
244,244,9.88786735150565,2.6007324865388465e-26,2.7340286576392123e-18
245,245,9.934860307020285,1.9656273405241704e-26,2.0663722651399122e-18
246,246,9.971866288814303,1.5766962271864314e-26,1.657507141480828e-18
247,247,10.014147588109582,1.2255893070096058e-26,1.288404826410967e-18
248,248,10.014593245468495,1.2223394335070574e-26,1.2849883861059149e-18
249,249,10.0217825181185,1.1710880383931296e-26,1.2311101869021398e-18
250,250,10.022685050371217,1.1648077151082884e-26,1.2245079762061656e-18
251,251,10.126286766574111,6.283249418111488e-27,6.605286803285802e-19
252,252,10.170139427959283,4.838551049784613e-27,5.086542848998181e-19
253,253,10.173964556500398,4.729527869921736e-27,4.971931869347311e-19
254,254,10.174713686541656,4.708465704071928e-27,4.949790197597764e-19
255,255,10.210509680762755,3.804145367523531e-27,3.9991204425936007e-19
256,256,10.226468362971763,3.459106530942099e-27,3.6363972205418126e-19
257,257,10.258147143020569,2.864144609821537e-27,3.0109415264375356e-19
258,258,10.289163873277083,2.3808882016824047e-27,2.5029166235769837e-19
259,259,10.295898792145834,2.2872433203167323e-27,2.4044721312579355e-19
260,260,10.3419847421595,1.738059943692308e-27,1.8271412839824914e-19
261,261,10.37175510789185,1.4555723133235367e-27,1.5301752250532015e-19
262,262,10.389787571095404,1.3072983136438175e-27,1.3743016908064548e-19
263,263,10.392900314020494,1.283277157017428e-27,1.349049370182894e-19
264,264,10.40577171263621,1.1885450779503265e-27,1.2494619576720878e-19
265,265,10.4273508509754,1.0451521869626663e-27,1.098719705137018e-19
266,266,10.452480012052158,8.998242819778382e-28,9.459432627156096e-20
267,267,10.454488794752626,8.891191692007483e-28,9.346894773811655e-20
268,268,10.550993108403688,5.003277579710774e-28,5.259712160268235e-20
269,269,10.594673314764256,3.8568420548702105e-28,4.054518010053611e-20
270,270,10.616823517585832,3.3800108759713895e-28,3.553247650755627e-20
271,271,10.661606384618626,2.588464504750955e-28,2.721131901070401e-20
272,272,10.730712184863009,1.7148677124218404e-28,1.8027603738903347e-20
273,273,10.741371034216069,1.6093510939671686e-28,1.69183567855722e-20
274,274,10.743274239721533,1.5912054080631956e-28,1.672759966029783e-20
275,275,10.77740344637814,1.2984246740755403e-28,1.3649732477609655e-20
276,276,10.786378434348325,1.2308182731363583e-28,1.2939017944053152e-20
277,277,10.86506191398616,7.701938623012389e-29,8.096688538204115e-21
278,278,10.901234193083827,6.208749060641767e-29,6.526968055248146e-21
279,279,10.941265301452988,4.8912901059346096e-29,5.141984956803289e-21
280,280,10.94269506612184,4.8498007790767407e-29,5.098369164251501e-21
281,281,10.948687223342654,4.679712397487788e-29,4.919563188626324e-21
282,282,11.10151439174929,1.8826870277825008e-29,1.9791809861125694e-21
283,283,11.126033754943135,1.6267999861932364e-29,1.7101788844182795e-21
284,284,11.129529766466527,1.5932657246517877e-29,1.6749258806812037e-21
285,285,11.130718599121508,1.582020486788825e-29,1.6631042870576987e-21
286,286,11.155487459682282,1.364968274733398e-29,1.4349274287937119e-21
287,287,11.199298625362275,1.0513830120859666e-29,1.105269880726401e-21
288,288,11.210396400227161,9.841139990904558e-30,1.0345531075662391e-21
289,289,11.23514617999306,8.491907122575771e-30,8.927145545073311e-22
290,290,11.240940119308757,8.203768369693182e-30,8.624238724846743e-22
291,291,11.252637636025234,7.651489894026916e-30,8.043654144431721e-22
292,292,11.30442008332878,5.620289383762681e-30,5.908347866982004e-22
293,293,11.373522108016513,3.7235471405375516e-30,3.91439128898971e-22
294,294,11.415245883688955,2.903998490310116e-30,3.0528380505659797e-22
295,295,11.431924402135607,2.62930301594148e-30,2.764063521492003e-22
296,296,11.444877914561683,2.4340156365365898e-30,2.5587670157837995e-22
297,297,11.448864702521757,2.3768815025006693e-30,2.4987045677649757e-22
298,298,11.50948488404136,1.656351554748405e-30,1.7412450689359905e-22
299,299,11.517637898419661,1.5778167267458042e-30,1.6586850703612698e-22
300,300,11.557539635912859,1.2439720373306825e-30,1.307729732668574e-22
301,301,11.580102006540589,1.0875027796232805e-30,1.1432409062222628e-22
302,302,11.582257974818093,1.0736229769162664e-30,1.1286497175630028e-22
303,303,11.622973077910896,8.423668593255729e-31,8.85540956465941e-23
304,304,11.649141807911775,7.207581429620424e-31,7.576993898005858e-23
305,305,11.655215909481193,6.951408180290032e-31,7.307690919473858e-23
306,306,11.67068656849271,6.339315783643131e-31,6.664226756120854e-23
307,307,11.730639623510758,4.435203669446953e-31,4.66252257681153e-23
308,308,11.7373336514881,4.261796793773203e-31,4.480228023266478e-23
309,309,11.74009015367739,4.192376478183734e-31,4.407249686114796e-23
310,310,11.791876715868117,3.0793729959214627e-31,3.23720108161299e-23
311,311,11.843161867219596,2.268619816016279e-31,2.384894110555441e-23
312,312,11.855645964489156,2.106003359020988e-31,2.213943020456756e-23
313,313,11.870372708203714,1.9290946623061136e-31,2.0279671659205744e-23
314,314,11.873410836834234,1.894490216869634e-31,1.9915891278121807e-23
315,315,11.897286953443498,1.6432846571409124e-31,1.7275084494604264e-23
316,316,11.91654652697433,1.465138097349351e-31,1.540231287256727e-23
317,317,11.942125028721286,1.2580388849622674e-31,1.3225175529255435e-23
318,318,11.959524505354238,1.134156106790275e-31,1.1922853712370139e-23
319,319,12.01772291928246,8.018334314674832e-32,8.429300559100551e-24
320,320,12.021323058505516,7.848176873338008e-32,8.250421984186233e-24
321,321,12.0390431553048,7.061841185562601e-32,7.423783982765515e-24
322,322,12.081402427213359,5.48672415633149e-32,5.767936978376172e-24
323,323,12.091844532097705,5.155777063097314e-32,5.4200277482850756e-24
324,324,12.109345539983844,4.6452617233808455e-32,4.883346803138434e-24
325,325,12.138866267284712,3.8960557633024624e-32,4.095741551183274e-24
326,326,12.2039855543349,2.643191906574511e-32,2.7786642638636488e-24
327,327,12.216744779247698,2.4497069821720516e-32,2.5752625949586376e-24
328,328,12.226602375395698,2.3099765046173446e-32,2.4283704666995725e-24
329,329,12.312413383907682,1.3853871831008896e-32,1.4563928739801664e-24
330,330,12.31381809261632,1.3738410059433054e-32,1.4442549169244502e-24
331,331,12.331457348002067,1.2367867297384213e-32,1.3001761542160133e-24
332,332,12.344400687903589,1.1449957180607514e-32,1.2036805485589965e-24
333,333,12.370412810287894,9.806123777209459e-33,1.030872016480557e-24
334,334,12.395606086402102,8.439362615993685e-33,8.87190795814713e-25
335,335,12.399706415334286,8.235690681390756e-33,8.657797160960797e-25
336,336,12.451364556011551,6.053887407029315e-33,6.364169227941877e-25
337,337,12.482663524716425,5.0239823786190843e-33,5.281478148834522e-25
338,338,12.490781845833745,4.7867628579322605e-33,5.032100340441646e-25
339,339,12.503347945375495,4.441473441801268e-33,4.669113695806773e-25
340,340,12.529215598092545,3.80710095821097e-33,4.0022275171126197e-25
341,341,12.581225018338534,2.7926709588218532e-33,2.93580461362137e-25
342,342,12.591773838249855,2.6225552511877045e-33,2.7569699114004928e-25
343,343,12.595825440747035,2.560006721578725e-33,2.6912155620664976e-25
344,344,12.646745247285809,1.890104696927489e-33,1.986978835418583e-25
345,345,12.647523600588999,1.8813598365245796e-33,1.9777857718980718e-25
346,346,12.651093261850717,1.84176982245535e-33,1.936166638218674e-25
347,347,12.68657686918513,1.4908067420374894e-33,1.567215535172792e-25
348,348,12.696924241704247,1.4016754666167623e-33,1.4735159860828702e-25
349,349,12.715621658588269,1.2539141864580458e-33,1.3181814499341622e-25
350,350,12.734538070332754,1.1202669136401783e-33,1.1776843108432986e-25
351,351,12.75463621906609,9.93842244585621e-34,1.0447799579285876e-25
352,352,12.772440516610159,8.938172821018332e-34,9.396283841602648e-26
353,353,12.834260455130863,6.184283059694317e-34,6.501248090555746e-26
354,354,12.891413272236086,4.3995288536657986e-34,4.625019308326012e-26
355,355,12.92140426233092,3.679631594734696e-34,3.8682249257200054e-26
356,356,13.020695844303596,2.0365116246248814e-34,2.1408896040475746e-26
357,357,13.049361412866038,1.7167798090365864e-34,1.8047704718023456e-26
358,358,13.179256593609768,7.917903275968204e-35,8.323722096355303e-27
359,359,13.18303747742603,7.741535989437922e-35,8.138315401072476e-27
360,360,13.223237012245974,6.092711968850701e-35,6.40498367740539e-27
361,361,13.330347641593502,3.2185582909392585e-35,3.3835200849208064e-27
362,362,13.330839981169984,3.209131016043072e-35,3.373609630899478e-27
363,363,13.33207678540007,3.1855704278603007e-35,3.34884148438078e-27
364,364,13.414014097933475,1.9551227124984093e-35,2.0553292400656597e-27
365,365,13.476324100555827,1.348796994363793e-35,1.4179273166368253e-27
366,366,13.49452937105727,1.2101532306611648e-35,1.2721775999212832e-27
367,367,13.496651910091614,1.1949460131244884e-35,1.2561909620169906e-27
368,368,13.53929068747416,9.26873025243814e-36,9.743783438418204e-28
369,369,13.554060528000319,8.487957761053954e-36,8.922993765666582e-28
370,370,13.570894750838484,7.677937581560328e-36,8.071457363724324e-28
371,371,13.602863849388285,6.34635527908889e-36,6.671627049070491e-28
372,372,13.603811355191839,6.310629817179423e-36,6.634070538674504e-28
373,373,13.63128978185867,5.3576229217213134e-36,5.63221887703828e-28
374,374,13.636149583761116,5.204720151064813e-36,5.471479331940486e-28
375,375,13.66608545083731,4.354498880104776e-36,4.577681399177034e-28
376,376,13.666748064198057,4.337342002603652e-36,4.559645174764694e-28
377,377,13.67536920778067,4.1201821612876545e-36,4.331355170883338e-28
378,378,13.735315580531648,2.882736119845896e-36,3.030485913051105e-28
379,379,13.759307858291766,2.4987612110261844e-36,2.626831015839971e-28
380,380,13.794878224175804,2.021558264429199e-36,2.12516983451549e-28
381,381,13.88011861897186,1.2165398272084914e-36,1.278891530737139e-28
382,382,13.881848145341362,1.204068441353575e-36,1.2657809449678215e-28
383,383,13.920320161502204,9.5742474297021e-37,1.006495938495023e-28
384,384,13.92334325417911,9.403345211607587e-37,9.885297860997669e-29
385,385,13.957801224670575,7.658120853371936e-37,8.050624962449629e-29
386,386,13.979873889231403,6.714429064330078e-37,7.058565837347945e-29
387,387,13.987517493201839,6.415510616409285e-37,6.744326826937416e-29
388,388,14.018887606859284,5.321828905436588e-37,5.594590298627787e-29
389,389,14.054684224739997,4.299688438836962e-37,4.520061740892423e-29
390,390,14.05926008531948,4.1840505793757714e-37,4.398497057361398e-29
391,391,14.101906758983233,3.2452521980234063e-37,3.41158214333326e-29
392,392,14.10837990245384,3.1224763875483008e-37,3.282513665109825e-29
393,393,14.137923253250055,2.6185182230981448e-37,2.7527259722234805e-29
394,394,14.20815483582182,1.723181577841317e-37,1.8115003525041504e-29
395,395,14.256323174219279,1.2932879639606776e-37,1.3595732642052905e-29
396,396,14.286694920086408,1.079215557578159e-37,1.1345289365441608e-29
397,397,14.304268847057765,9.719313189369137e-38,1.0217460246236317e-29
398,398,14.354028907338426,7.225720883591057e-38,7.59606305919269e-30
399,399,14.454069958955898,3.981296109010782e-38,4.185350747500028e-30
400,400,14.500216798217838,3.0242612924917664e-38,3.179264720480889e-30
401,401,14.54997692215915,2.24835430904119e-38,2.3635899290918502e-30
402,402,14.556753789875255,2.1593824788194414e-38,2.270057997296512e-30
403,403,14.570983157558848,1.9838599768666752e-38,2.085539384604422e-30
404,404,14.61118557581193,1.5613025368018316e-38,1.6413244733763005e-30
405,405,14.715082738302526,8.407224755280615e-39,8.838122925415184e-31
406,406,14.747264066313326,6.940381074463658e-39,7.296098637877741e-31
407,407,14.780628630080116,5.689215016481211e-39,5.9808061671238865e-31
408,408,14.786652837815634,5.488639176726531e-39,5.769950149921922e-31
409,409,14.807720906140617,4.841176908232962e-39,5.08930329140656e-31
410,410,14.844127540003639,3.897163379095789e-39,4.0969059359619015e-31
411,411,14.995933178107567,1.5774325362296945e-39,1.6582811888061795e-31
412,412,15.102146900759507,8.377651229920573e-40,8.80703365873348e-32
413,413,15.173095507386556,5.489621675212626e-40,5.77098300471609e-32
414,414,15.255189213340614,3.3660809545205654e-40,3.538603774600605e-32
415,415,15.27474859802629,2.9958119904097285e-40,3.149357297251197e-32
416,416,15.280962701207308,2.8869252086808454e-40,3.034889706591359e-32
417,417,15.31850767419056,2.3082759925361187e-40,2.4265827977306195e-32
418,418,15.408209011952088,1.3526489255673126e-40,1.421976672098099e-32
419,419,15.464251975949027,9.68665100504737e-41,1.0183124016570633e-32
420,420,15.499816334629799,7.837015468509826e-41,8.238688520318762e-33
421,421,15.573924865850536,5.039582081267014e-41,5.297877388014577e-33
422,422,15.587171753604572,4.657127600601467e-41,4.895820845946421e-33
423,423,15.587533132947032,4.647111218963602e-41,4.885291091507809e-33
424,424,15.591666384153775,4.534070400878353e-41,4.766456556342158e-33
425,425,15.622985019751049,3.7622802171793055e-41,3.9551095643545185e-33
426,426,15.661043925766537,2.998979773217516e-41,3.152687439440944e-33
427,427,15.661934502656422,2.983109290535263e-41,3.1360035418511565e-33
428,428,15.67671340767176,2.731672791043465e-41,2.8716800873070378e-33
429,429,15.793816446201209,1.3596402152127508e-41,1.429326288540166e-33
430,430,15.823426538678675,1.1397451293159665e-41,1.1981608497156819e-33
431,431,15.903099694398346,7.090111604322048e-42,7.453503354308666e-34
432,432,15.938215223002267,5.751637045554332e-42,6.046427532349737e-34
433,433,15.945003131076128,5.523670035968202e-42,5.806776456958181e-34
434,434,15.986156980423335,4.3225690985736604e-42,4.544115110375679e-34
435,435,16.05142518272358,2.929949649299662e-42,3.080119292578992e-34
436,436,16.142643965663446,1.701496725579653e-42,1.7887040795976032e-34
437,437,16.142821041172866,1.6997025811542692e-42,1.7868179793161127e-34
438,438,16.154997560766038,1.5807607027053504e-42,1.6617799348590453e-34
439,439,16.178775138946072,1.3719602638367335e-42,1.4422777805432148e-34
440,440,16.18345472492626,1.3342373128686516e-42,1.402621403145203e-34
441,441,16.2029764236619,1.1877378390565463e-42,1.2486133451059822e-34
442,442,16.24285429420746,9.365617367465644e-43,9.845636339634395e-35
443,443,16.36584266873975,4.5009418304203855e-43,4.7316300367029765e-35
444,444,16.380369849146213,4.127758221220934e-43,4.339319529031202e-35
445,445,16.45774512222482,2.603186958786716e-43,2.7366089297355497e-35
446,446,16.53926679120775,1.6016501156311182e-43,1.6837399995238718e-35
447,447,16.56478274843645,1.3757673149397838e-43,1.4462799556499243e-35
448,448,16.626706671877592,9.512978993422217e-44,1.000055073797675e-35
449,449,16.686752891075198,6.651914475957726e-44,6.992847168851596e-36
450,450,16.705436035699258,5.951191566849782e-44,6.256209885131943e-36
451,451,16.931954771719766,1.5434252880889933e-44,1.6225309563369177e-36
452,452,16.993845869847675,1.0674366194517226e-44,1.1221462887474645e-36
453,453,17.016234108657383,9.341409744161911e-45,9.820187995297443e-37
454,454,17.075877462539665,6.547642471183042e-45,6.883230877780124e-37
455,455,17.1185025456294,5.0791653301353736e-45,5.339489409754109e-37
456,456,17.172209500961273,3.688292406504116e-45,3.877329632835625e-37
457,457,17.24649712867111,2.3692219662470727e-45,2.4906524548583424e-37
458,458,17.249349169341478,2.3293035125843e-45,2.4486880479662253e-37
459,459,17.25796637508696,2.2127330380437083e-45,2.326142949737869e-37
460,460,17.264190182626876,2.132185022661057e-45,2.241466581248617e-37
461,461,17.290889278353305,1.818615338968737e-45,1.91182541060957e-37
462,462,17.36574211608376,1.1642835790032298e-45,1.2239569763862493e-37
463,463,17.42777015501766,8.045646057092518e-46,8.458012118957823e-38
464,464,17.46078275327329,6.609074790333535e-46,6.947811807165218e-38
465,465,17.463555736072173,6.5007813670668295e-46,6.833967986557949e-38
466,466,17.530175999990178,4.371045295611422e-46,4.5950758733917123e-38
467,467,17.611961266393017,2.685131360552635e-46,2.822753254044461e-38
468,468,17.621000490529497,2.5443479404633073e-46,2.6747542164514296e-38
469,469,17.623294016581713,2.5098166223073568e-46,2.6384530536393825e-38
470,470,17.633665242828283,2.3594261771968208e-46,2.4803545991095495e-38
471,471,17.778952587513878,9.928295402499123e-47,1.0437153491347674e-38
472,472,17.837709987755783,6.995836239648148e-47,7.354396064319432e-39
473,473,17.861134281492916,6.084559777492503e-47,6.396413659185048e-39
474,474,17.992311909028736,2.7848795762602927e-47,2.9276138968459257e-39
475,475,18.039401348877004,2.1035956696288891e-47,2.2114119289928077e-39
476,476,18.186977276244058,8.731901870581725e-48,9.179440820395692e-40
477,477,18.24098382663462,6.329459679452038e-48,6.653865493880081e-40
478,478,18.35104168932716,3.2854237228500966e-48,3.4538125921263238e-40
479,479,18.406135984445804,2.366108388065073e-48,2.4873792954613466e-40
480,480,18.427416599049838,2.0843514201896004e-48,2.1911813479030185e-40
481,481,18.474967218830557,1.5701223123524353e-48,1.6505962916944494e-40
482,482,18.48333956510669,1.4937227618501875e-48,1.570281010678414e-40
483,483,18.54421034114423,1.0393613746406386e-48,1.0926320944652632e-40
484,484,18.59947233130115,7.477835514805854e-49,7.861099401961157e-41
485,485,18.646442748598194,5.652489020185652e-49,5.942197841634002e-41
486,486,18.706514024238984,3.951891503707943e-49,4.1544390585890615e-41
487,487,18.753885488279543,2.9801019514054813e-49,3.132842066610385e-41
488,488,18.85462821383917,1.6351546549595158e-49,1.7189617576858376e-41
489,489,18.887534315522338,1.344046018596481e-49,1.4129328375941665e-41
490,490,18.895696448171837,1.2802494007948879e-49,1.3458664314056013e-41
491,491,19.042873578144565,5.326881671922777e-50,5.599902036165231e-42
492,492,19.04787711322265,5.170426617343739e-50,5.43542814080475e-42
493,493,19.086307717204164,4.1123209863363366e-50,4.3230910846265384e-42
494,494,19.14642118736721,2.8743729221603433e-50,3.0216940737288555e-42
495,495,19.162768401920168,2.6076218815423463e-50,2.7412711570007796e-42
496,496,19.188103088088805,2.2422859435726227e-50,2.3572105397536674e-42
497,497,19.534877154207017,2.840608818155683e-51,2.9861994473395402e-43
498,498,19.618213892847155,1.728929238849109e-51,1.817542600213607e-43
499,499,19.632333866775994,1.5894311439851722e-51,1.6708947650294326e-43
500,500,19.681649514562036,1.1847787134109237e-51,1.245502554450441e-43
501,501,19.696444899730093,1.0848110803615502e-51,1.140411248440308e-43
502,502,19.738716317828242,8.432893485921329e-52,8.86510726368918e-44
503,503,19.777161643475793,6.706549739503391e-52,7.050282670974428e-44
504,504,19.870589513593078,3.8437407389021894e-52,4.0407452081623154e-44
505,505,19.890169268924822,3.420514026407451e-52,3.5958267220711226e-44
506,506,19.92652782689605,2.754313888866646e-52,2.895481616533664e-44
507,507,19.985335126526838,1.9402123359370374e-52,2.0396546572217955e-44
508,508,20.02166704043254,1.5625727978159446e-52,1.6426598394830577e-44
509,509,20.129311250627808,8.228304369352704e-53,8.650032275917515e-45
510,510,20.282538142691052,3.3024407009213487e-53,3.471701746798721e-45
511,511,20.31871841168232,2.662063483677299e-53,2.7985030719228874e-45
512,512,20.481032663834082,1.0121141583471325e-53,1.06398836791018e-45
513,513,20.506240001981006,8.709744025669947e-54,9.156147312395973e-46
514,514,20.612733254966432,4.617996371726121e-54,4.854684011724684e-46
515,515,20.68336692844895,3.031716710874312e-54,3.187102253798165e-46
516,516,20.68425407430992,3.0157346323209505e-54,3.170301040678517e-46
517,517,20.754981862016383,1.9787213175634868e-54,2.0801373519580508e-46
518,518,20.776096486129664,1.7448192386842962e-54,1.8342470152751886e-46
519,519,20.86971811382162,9.988586372854114e-55,1.0500534574023653e-46
520,520,20.892641052265645,8.713463492322576e-55,9.160057414058507e-47
521,521,20.986255455570017,4.9884209817267464e-55,5.24409411233228e-47
522,522,21.01765319306546,4.1373408431385386e-55,4.349393292124352e-47
523,523,21.09391166380479,2.626649598918129e-55,2.7612741080401933e-47
524,524,21.10591383117005,2.4453806704731098e-55,2.570714545427204e-47
525,525,21.10764989120826,2.420217580315394e-55,2.544261763389052e-47
526,526,21.195412360876535,1.4347247790122907e-55,1.5082591854208754e-47
527,527,21.219586905676334,1.242272433371566e-55,1.3059430183660026e-47
528,528,21.220804042631343,1.2332965039537769e-55,1.29650704277674e-47
529,529,21.2864578586981,8.34042028041606e-56,8.767894499506873e-48
530,530,21.352917726196246,5.61335758708099e-56,5.901060792715518e-48
531,531,21.395022992471556,4.367924570655332e-56,4.591795200924736e-48
532,532,21.46991719294774,2.795670772412025e-56,2.9389581776136515e-48
533,533,21.619907977937338,1.1438896980433067e-56,1.2025178413450606e-48
534,534,21.70051225996838,7.076527217617444e-57,7.43922272270235e-49
535,535,21.716152402067287,6.446904523443528e-57,6.7773297758955026e-49
536,536,21.800388946188523,3.9029121464812963e-57,4.102949346754603e-49
537,537,21.86089955998054,2.721555977428473e-57,2.8610447534191633e-49
538,538,21.988801311622233,1.2701963897082917e-57,1.335298170137447e-49
539,539,22.028995369141537,9.996973868803537e-58,1.0509351956976435e-49
540,540,22.491231427422314,6.365470846830052e-59,6.691722353098063e-51
541,541,22.520758905386785,5.338608114599056e-59,5.61222949794573e-51
542,542,22.639001973883907,2.6392074832373945e-59,2.774475625607224e-51
543,543,22.64620177499777,2.528389708635785e-59,2.657978072281461e-51
544,544,22.698966910166526,1.846349754398076e-59,1.9409813068730858e-51
545,545,22.704414163397036,1.7873894040956907e-59,1.8789990429433968e-51
546,546,22.71562458160983,1.671907199860497e-59,1.7575979924852807e-51
547,547,22.762086809700822,1.2676253902278527e-59,1.3325953984011466e-51
548,548,22.779075382972692,1.1455997610763085e-59,1.2043155507837651e-51
549,549,22.82593097483285,8.665504360741302e-60,9.109640217819614e-52
550,550,22.849454353139304,7.532289276244264e-60,7.918344099391377e-52
551,551,22.963271150118075,3.8231864755110634e-60,4.019137470558056e-52
552,552,23.086525463226565,1.834443555502621e-60,1.9284648757706134e-52
553,553,23.17449510461325,1.0861316850493372e-60,1.141799538501093e-52
554,554,23.207489821701873,8.922950714035528e-61,9.3802815511187e-53
555,555,23.232706342889994,7.678221286501922e-61,8.071755609485719e-53
556,556,23.244005000837817,7.178360956023315e-61,7.546275778161627e-53
557,557,23.429444009541633,2.3779404026440935e-61,2.499817740054969e-53
558,558,23.44966350773342,2.1080597543357467e-61,2.216104812856046e-53
559,559,23.452158785002588,2.0769515953243368e-61,2.183402257455286e-53
560,560,23.488501258801488,1.6725921317655198e-61,1.7583180294235496e-53
561,561,23.518852851602414,1.3959027316332265e-61,1.4674473792731986e-53
562,562,23.53533507438011,1.2653402599821099e-61,1.3301931476465472e-53
563,563,23.55349425312202,1.1355868743928826e-61,1.1937894704276064e-53
564,564,23.60703515871667,8.254352539372028e-62,8.677415501097537e-54
565,565,23.743320741889615,3.6647420522710956e-62,3.852572244790566e-54
566,566,23.840576936546512,2.05301697529398e-62,2.1582409087154976e-54
567,567,23.885327255706997,1.5725370059188705e-62,1.653134746319914e-54
568,568,23.90634025703723,1.387489267142692e-62,1.45860269680539e-54
569,569,24.103903710989186,4.275956173679191e-63,4.495113118384005e-55
570,570,24.20313135238689,2.3674523464767137e-63,2.4887921362018375e-55
571,571,24.266568158713213,1.622326284693653e-63,1.7054758908697726e-55
572,572,24.33080221274242,1.1064512428277815e-63,1.1631605410510924e-55
573,573,24.348462604900355,9.959463201903117e-64,1.0469918743909069e-55
574,574,24.468923026167246,4.858967699623112e-64,5.108005919898536e-56
575,575,24.555777645098416,2.8960580841524562e-64,3.0444906722405648e-56
576,576,24.556393942202405,2.885443642422153e-64,3.033332205144969e-56
577,577,24.576301106977922,2.5627291665120568e-64,2.6940775413377607e-56
578,578,24.609444223975785,2.103510755925468e-64,2.2113226631802796e-56
579,579,24.6626225303955,1.532306392841031e-64,1.610842180806731e-56
580,580,24.796419562300397,6.9047053460736466e-65,7.258594410009134e-57
581,581,24.825375060198034,5.810622480967391e-65,6.108436167085274e-57
582,582,24.89735509213264,3.7841991278396255e-65,3.9781518919294324e-57
583,583,24.928011715039705,3.1524617230036268e-65,3.314035848520887e-57
584,584,24.94989933764255,2.7670403572680607e-65,2.908860358676541e-57
585,585,25.14683540546427,8.559383218303667e-66,8.998080014643148e-58
586,586,25.192091454434088,6.536454261927186e-66,6.871469235669103e-58
587,587,25.215989290928356,5.669000036158214e-66,5.959555101970992e-58
588,588,25.332738481549434,2.8275960587380854e-66,2.972519740815774e-58
589,589,25.342420557004125,2.669100648771754e-66,2.8059009150829824e-58
590,590,25.351294316853426,2.531652274512948e-66,2.6614078554874497e-58
591,591,25.40698633919595,1.816773050125311e-66,1.909888698348833e-58
592,592,25.4115556815492,1.7679805530007027e-66,1.858595423816783e-58
593,593,25.49271243576532,1.0901443088727327e-66,1.1460178226123086e-58
594,594,25.528465604794697,8.809930758662104e-67,9.261468947948094e-59
595,595,25.55657899469793,7.451247061141987e-67,7.833148201806746e-59
596,596,25.604406345634718,5.60370756374176e-67,5.890916173654196e-59
597,597,25.665634229705365,3.8908816287307224e-67,4.090302225043104e-59
598,598,25.91023416881712,9.060340095555705e-68,9.524712594401968e-60
599,599,25.9901235980558,5.6289866372014615e-68,5.91749088352348e-60
600,600,25.997492204774936,5.387210088789141e-68,5.663322484610566e-60
601,601,26.149241265070696,2.1812853832125404e-68,2.2930834982298894e-60
602,602,26.227467041969994,1.368683133141458e-68,1.438832686023849e-60
603,603,26.31147315727228,8.297297996558613e-69,8.722562055489911e-61
604,604,26.32652494538895,7.585603072497324e-69,7.974390404637247e-61
605,605,26.422220165906538,4.2892194891501523e-69,4.509056222790401e-61
606,606,26.4401683264905,3.854227260827552e-69,4.051769199138434e-61
607,607,26.49481939285853,2.7830910956596357e-69,2.9257337506789756e-61
608,608,26.51094045890092,2.528215478701863e-69,2.657794912485201e-61
609,609,26.53680196328493,2.1671916511965356e-69,2.2782674156745762e-61
610,610,26.615536841957038,1.3557213699970163e-69,1.4252065895014812e-61
611,611,26.79482514620387,4.6586608228118615e-70,4.89743265088347e-62
612,612,26.89581365057319,2.552424189563211e-70,2.6832444001207064e-62
613,613,27.08882203846083,8.08244429489139e-71,8.496696388567818e-63
614,614,27.09191278824803,7.93497184553128e-71,8.341665486754699e-63
615,615,27.104076604917136,7.380256501514655e-71,7.758519140399022e-63
616,616,27.11083996098703,7.088775779480533e-71,7.452099064010763e-63
617,617,27.140256329300882,5.949168164028463e-71,6.254082776200876e-63
618,618,27.321774348937986,2.01733255275492e-71,2.1207275410938486e-63
619,619,27.360348988637618,1.603117780097125e-71,1.685282886664564e-63
620,620,27.36595851241142,1.5504249948219563e-71,1.6298894212701796e-63
621,621,27.463159789548854,8.688443657419465e-72,9.133755229582184e-64
622,622,27.624191558666244,3.32867590441332e-72,3.499281591537579e-64
623,623,27.702385573450123,2.089027336121958e-72,2.1960969200450773e-64
624,624,27.72559185831984,1.8192724770627034e-72,1.912516229211725e-64
625,625,27.937233724294764,5.15553101005184e-73,5.419769084204434e-65
626,626,28.46954906670193,2.1622449693109384e-74,2.2730671999255714e-66
627,627,28.708614386901168,5.203819567257638e-75,5.4705325902243875e-67
628,628,28.75585377133845,3.9272639897124884e-75,4.128549302768927e-67
629,629,28.8327893528202,2.4832412187592593e-75,2.610515572462485e-67
630,630,28.902420003710287,1.6400204535706015e-75,1.724076944624081e-67
631,631,28.917992159456734,1.4947075786094036e-75,1.5713163025648947e-67
632,632,28.942009390597576,1.2954227967481118e-75,1.3618175142580442e-67
633,633,28.95294344086335,1.213723128404338e-75,1.2759304667713705e-67
634,634,28.98967793112454,9.751444596751865e-76,1.0251238494883325e-67
635,635,29.014754561395833,8.398138956281196e-76,8.828571449063603e-68
636,636,29.243574698271516,2.1483738217583734e-76,2.25848511002615e-68
637,637,29.255616527493455,1.999638826631278e-76,2.1021269527854232e-68
638,638,29.36072031002828,1.069042615862604e-76,1.1238345978042944e-68
639,639,29.424582316337556,7.307213046794785e-77,7.681731966212233e-69
640,640,29.465608488034967,5.722639037889521e-77,6.015943280555142e-69
641,641,29.558259537452138,3.2950447510962497e-77,3.463926729999822e-69
642,642,29.5750651739678,2.9811007374549892e-77,3.133892043759645e-69
643,643,29.633157639120537,2.1089297778944973e-77,2.2170194280095678e-69
644,644,29.641860374643812,2.0023673216933072e-77,2.104995292274558e-69
645,645,29.66397657634939,1.7551650840515683e-77,1.8451231195527452e-69
646,646,29.73790512691932,1.129867432660549e-77,1.187776888325128e-69
647,647,29.769251986202264,9.37383579559214e-78,9.854275989477232e-70
648,648,29.86450446303772,5.314361580274452e-78,5.5867402482689516e-70
649,649,29.885919412063036,4.677780252708657e-78,4.917532015014969e-70
650,650,29.956798897257542,3.0664706155151816e-78,3.22363741139119e-70
651,651,29.998344716659172,2.394080779184761e-78,2.5167853644591228e-70
652,652,30.02549125484225,2.0365590260419858e-78,2.140939434944619e-70
653,653,30.143518829332166,1.0080918074447395e-78,1.0597598581748867e-70
654,654,30.286655932886383,4.2966714054895273e-79,4.516890074573171e-71
655,655,30.550772680480712,8.906945341505912e-80,9.363455850129208e-72
656,656,30.572819343477654,7.81057380771508e-80,8.210891636655182e-72
657,657,30.574835962903876,7.717291915438436e-80,8.112828737820643e-72
658,658,30.70263767139607,3.603938680203677e-80,3.788652498113868e-72
659,659,30.73368101219271,2.9953846466790773e-80,3.148908050736105e-72
660,660,30.740722643858362,2.8723168345779994e-80,3.0195326048342885e-72
661,661,30.82864916231123,1.7010694864489096e-80,1.788254943043512e-72
662,662,30.945232719662847,8.49300811595332e-81,8.928302968015375e-73
663,663,30.969848954728683,7.334439195385913e-81,7.710353545275273e-73
664,664,30.993569880720464,6.367792490238271e-81,6.694162988435894e-73
665,665,31.026694356059984,5.227320916808269e-81,5.495238461934449e-73
666,666,31.043062457208535,4.74161865396816e-81,4.984642346202331e-73
667,667,31.064641456915695,4.1695660443270605e-81,4.383270141820978e-73
668,668,31.179505141562213,2.1031997474342606e-81,2.21099571447174e-73
669,669,31.4170994529661,5.106273795620581e-82,5.367987274061489e-74
670,670,31.421799348585346,4.965272581566076e-82,5.219759279839762e-74
671,671,31.57171671173208,2.0325030089310207e-82,2.1366755334958344e-74
672,672,31.84955218361398,3.8826708729817e-83,4.0816706408125484e-75
673,673,31.873764019962316,3.361106972344546e-83,3.533374859330691e-75
674,674,32.621869864188895,3.89721948831147e-85,4.096964920961098e-77
675,675,32.70965160348375,2.3100383670720666e-85,2.4284354998104046e-77
676,676,32.754557939774095,1.7677621545862407e-85,1.8583658317587714e-77
677,677,32.941530861035325,5.802705091919595e-86,6.100112985572991e-78
678,678,33.13790274381485,1.8010149101488698e-86,1.893322901401367e-78
679,679,33.17824685771222,1.4162069441354378e-86,1.488792250050631e-78
680,680,33.40530993015361,3.6610016766841864e-87,3.848640162541479e-79
681,681,33.5755030688837,1.328080386501417e-87,1.3961489138683853e-79
682,682,33.6945650235306,6.53357653442136e-88,6.868444015078161e-80
683,683,33.90959170882675,1.8145477477453565e-88,1.9075493418366968e-80
684,684,34.01134800268686,9.896314784611116e-89,1.0403533760657423e-80
685,685,34.12702810275434,4.967646524638789e-89,5.222254895373462e-81
686,686,34.45566987927613,7.011137893746475e-90,7.37048197897257e-82
687,687,34.51410227607971,4.949876930246126e-90,5.20357455029544e-82
688,688,34.68394131341488,1.7994304914566934e-90,1.8916572759929366e-82
689,689,34.731067284590566,1.3589278472628558e-90,1.428577409368672e-82
690,690,34.81501143722381,8.241200870801432e-91,8.663589765865677e-83
691,691,34.95131902271243,3.658423405518934e-91,3.845929746422385e-83
692,692,35.03844150166894,2.1770285958170506e-91,2.288608536353193e-83
693,693,35.11251616484931,1.4002177749982443e-91,1.4719835829311978e-83
694,694,35.20920358532027,7.870755492229595e-92,8.27415783222867e-84
695,695,35.21171558004869,7.753836206640077e-92,8.151246045227513e-84
696,696,35.35420100058678,3.317683186731704e-92,3.487725460592765e-84
697,697,35.54920898698131,1.038127771882015e-92,1.0913352654712485e-84
698,698,35.57330383300568,8.993014205872552e-93,9.453936029435163e-85
699,699,35.60380570076394,7.49862352410869e-93,7.882952865730843e-85
700,700,35.62008832517444,6.805345535163407e-93,7.154142079039971e-85
701,701,35.635318227557775,6.2150229309419065e-93,6.533563482222537e-85
702,702,35.71685827625234,3.823468066056754e-93,4.0194334935537405e-85
703,703,35.71747093261126,3.809537175431035e-93,4.004788598550394e-85
704,704,35.83148745334394,1.931318587884963e-93,2.0303050750659793e-85
705,705,36.09947660737757,3.912286902291994e-94,4.112804589913013e-86
706,706,36.11176839466368,3.6360147554218434e-94,3.822372578639247e-86
707,707,36.230640943642484,1.790780451520558e-94,1.8825638928028066e-86
708,708,36.35887573308383,8.341309016820118e-95,8.768828786601127e-87
709,709,36.43626701959835,5.25997747814186e-95,5.529568780415153e-87
710,710,36.530753066042934,2.9957170080568312e-95,3.1492574467374916e-87
711,711,36.59418387254678,2.0529258735798954e-95,2.158145137736223e-87
712,712,36.8274845958464,5.113361826615533e-96,5.375438590168293e-88
713,713,37.091565186352284,1.0602217935141164e-96,1.1145616790363959e-88
714,714,37.09229039321381,1.0556507265283713e-96,1.1097563296974304e-88
715,715,37.11657585471161,9.134431062635209e-97,9.602600969433245e-89
716,716,37.17203521837172,6.56417472219998e-97,6.900610461527988e-89
717,717,37.29448842204855,3.1646951323929576e-97,3.3268962607409754e-89
718,718,37.63298467951089,4.211833409650576e-98,4.427703849891887e-90
719,719,37.76157789727913,1.957652556737114e-98,2.0579887472175033e-90
720,720,37.857382586669544,1.1062174920255952e-98,1.1629148097445348e-90
721,721,38.27650741240696,9.106532031241772e-100,9.573272020091154e-92
722,722,38.36588847986006,5.346617034068721e-100,5.620648901117769e-92
723,723,38.54959197390522,1.7895564546979253e-100,1.881277162080882e-92
724,724,38.8114167017377,3.7607343879733104e-101,3.9534845062715045e-93
725,725,38.8344972149261,3.2775680877344404e-101,3.4455543296401485e-93
726,726,39.02832623081741,1.0328047146908137e-101,1.085739383933134e-93
727,727,39.10203793118186,6.65715751107083e-102,6.998358926914539e-94
728,728,39.2581522202146,2.6262880593340486e-102,2.760894038352572e-94
729,729,39.31636160052114,1.8566297607642e-102,1.951788197682183e-94
730,730,39.565737970406566,4.2020648591273115e-103,4.417434628734987e-95
731,731,39.582563429290644,3.8012531734181007e-103,3.996080013941815e-95
732,732,39.59055278864231,3.624551626065434e-103,3.81032192586013e-95
733,733,39.719244706599255,1.6836946559818012e-103,1.7699895948523505e-95
734,734,39.743293631485734,1.4589372893486027e-103,1.533712667267046e-95
735,735,39.75450398764281,1.364676692417127e-103,1.434620901916045e-95
736,736,40.1342485711276,1.4204921513599622e-104,1.493297088366918e-96
737,737,40.15856585685532,1.2289033969561005e-104,1.2918887744658356e-96
738,738,40.84981437115121,1.9994423661703793e-106,2.1019204230739016e-98
739,739,40.95651584893779,1.0588106556252967e-106,1.1130782156475688e-98
740,740,41.25121154902304,1.829328760198843e-107,1.923087930232821e-99
741,741,41.44589200306214,5.735286947187539e-108,6.029239437179856e-100
742,742,41.50632306405976,4.001192908732358e-108,4.206267324239718e-100
743,743,41.75698738704796,8.986578025433076e-109,9.447169973388128e-101
744,744,41.8468208769884,5.261986895951491e-109,5.531681187556271e-101
745,745,41.86758275496067,4.649736082016869e-109,4.888050487503805e-101
746,746,41.873403710152175,4.491243002656874e-109,4.721434111828659e-101
747,747,41.93065997595161,3.1931233125204872e-109,3.356781479445892e-101
748,748,42.12983885373403,9.746291276417904e-110,1.0245821049779697e-101
749,749,42.21506962960966,5.865490613145927e-110,6.166116473131242e-102
750,750,42.6319648779278,4.893120200869804e-111,5.143908850177528e-103
751,751,42.768657179013445,2.1671745807290107e-111,2.278249470288938e-103
752,752,42.80309296145072,1.765188727910942e-111,1.8556605084258193e-103
753,753,42.887813311904225,1.0655573554084265e-111,1.1201707061851534e-103
754,754,42.99471165788211,5.636076082106126e-112,5.924943686007561e-104
755,755,43.03731699173258,4.372555603378114e-112,4.596663589443772e-104
756,756,43.442206609957694,3.918154047063051e-113,4.118972445325138e-105
757,757,43.537777588543356,2.2171299067727008e-113,2.330765172581304e-105
758,758,43.544974621125704,2.1240697979354375e-113,2.2329354243234565e-105
759,759,44.23008977005717,3.5845120241980274e-115,3.768230161515832e-107
760,760,44.52853826451224,6.056101245801764e-116,6.3664965332985785e-108
761,761,44.579064039220604,4.4818512872697507e-116,4.711561039859247e-108
762,762,44.62009787280026,3.509798632096495e-116,3.6896874601144765e-108
763,763,44.645753831889465,3.01229348751101e-116,3.1666835257767884e-108
764,764,44.701485333565,2.161184053013387e-116,2.271951908146861e-108
765,765,44.93406672274492,5.406127592139016e-117,5.683209572789473e-109
766,766,45.35728407306338,4.343195337925967e-118,4.565798512947999e-110
767,767,45.368553389289914,4.061158621182537e-118,4.269306478463816e-110
768,768,45.46006535212605,2.3543027433007346e-118,2.4749685722229234e-110
769,769,45.609314065345565,9.67565881011065e-119,1.0171568435163125e-110
770,770,45.86575603524555,2.099595896764444e-119,2.2072071544948376e-111
771,771,45.98022575316867,1.0615605476051193e-119,1.1159690487175448e-111
772,772,46.00510645332126,9.153050079105403e-120,9.622174272289286e-112
773,773,46.418723145601135,7.786291495832287e-121,8.18536477570162e-113
774,774,46.6060514042639,2.550456309963784e-121,2.68117566016092e-113
775,775,46.96644131679601,2.9792521178900077e-122,3.1319486763068634e-114
776,776,46.968386415229496,2.944925449898524e-122,3.095862652659394e-114
777,777,47.3243026299402,3.5329654327260616e-123,3.714041636160988e-115
778,778,47.86464519838547,1.4125388266308702e-124,1.4849361293504115e-116
779,779,47.94375540479287,8.816624705021732e-125,9.268505981274146e-117
780,780,48.162427026439886,2.39600920503028e-125,2.5188126285291766e-117
781,781,48.401065694129926,5.7810906861482775e-126,6.077390769773215e-118
782,782,48.41772992668203,5.234690391635341e-126,5.50298564680381e-118
783,783,48.62181611959928,1.5517329947311887e-126,1.631264460515677e-118
784,784,48.877775880312804,3.3769130863599163e-127,3.549991089145795e-119
785,785,49.495490825127874,8.514898847055185e-129,8.951315671735943e-121
786,786,49.500870781185505,8.246294314747369e-129,8.66894426571768e-121
787,787,49.699886317389925,2.5194466939908637e-129,2.6485766984564115e-121
788,788,49.83917180865689,1.0987611510805691e-129,1.1550763065803898e-121
789,789,49.8975944741584,7.757724773510216e-130,8.155333914054905e-122
790,790,50.06627297547691,2.8397357866718495e-130,2.985281670094792e-122
791,791,50.38536060928507,4.242649431982498e-131,4.460099295638808e-123
792,792,50.871476022940875,2.3432098128783337e-132,2.4633070923017786e-124
793,793,51.05961165648658,7.638521774493441e-133,8.030021365734287e-125
794,794,51.290972319772166,1.9246975444356593e-133,2.023344681166351e-125
795,795,51.332337035784946,1.504288344926545e-133,1.5813881149519e-125
796,796,51.56521518665238,3.756278249304248e-134,3.948799975706869e-126
797,797,51.571938194714335,3.608792735102402e-134,3.7937553394355185e-126
798,798,51.72133248542226,1.4818474401124129e-134,1.557797039290426e-126
799,799,52.236184950372056,6.896365420167775e-136,7.249827035222507e-128
800,800,52.30675079592597,4.529297012632005e-136,4.761438516106531e-128
801,801,52.34209407950278,3.6692718126825376e-136,3.8573341704562096e-128
802,802,52.558044875508514,1.0134589482480404e-136,1.0654020827565229e-128
803,803,53.099458680136955,4.0261999467484045e-138,4.232556055946044e-130
804,804,53.122193510229934,3.516161841973135e-138,3.696376805615159e-130
805,805,53.61254883152085,1.8935296279265838e-139,1.9905793054978506e-131
806,806,53.73956131038679,8.884371393745723e-140,9.339724912629157e-132
807,807,53.7396837185457,8.877894368809836e-140,9.332915918669718e-132
808,808,54.26270318433199,3.93545173717075e-141,4.1371566994574616e-133
809,809,54.29317705590843,3.2820357058694106e-141,3.4502509280314165e-133
810,810,54.70063994156873,2.8962171813886512e-142,3.044657923738118e-134
811,811,54.707269726926135,2.7840467525019316e-142,2.9267383881060195e-134
812,812,54.917912125974354,7.936669645845467e-143,8.343450304969553e-135
813,813,54.93290558059072,7.258429580905573e-143,7.630448185796366e-135
814,814,55.07677082553491,3.080283253419329e-143,3.238157992828534e-135
815,815,55.09154525035832,2.820731571366274e-143,2.965303425684681e-135
816,816,55.1103010788711,2.522498769128243e-143,2.6517852025736378e-135
817,817,55.62051186590594,1.2068633482424783e-144,1.2687191001103616e-136
818,818,56.00271108208772,1.2379861571942798e-145,1.3014370563095773e-137
819,819,56.05894581276584,8.855399375949082e-146,9.309267982769727e-138
820,820,56.318453477098515,1.886821530064742e-146,1.98352739535813e-138
821,821,56.40340677253049,1.1374014113346515e-146,1.1956970084096245e-138
822,822,56.630636980602326,2.9373419434720983e-147,3.0878904663608978e-139
823,823,57.50299614681066,1.6245046900929088e-149,1.70776594677531e-141
824,824,57.76388605539519,3.4329468262954425e-150,3.608896744214653e-142
825,825,57.845519519680415,2.110766025422419e-150,2.218949789317331e-142
826,826,57.90967550149006,1.440244361970627e-150,1.5140616653239092e-142
827,827,58.24108269993569,1.999486444864219e-151,2.1019667609470863e-143
828,828,58.28255447491188,1.5617447227121514e-151,1.6417893227820258e-143
829,829,58.43343806467006,6.356207012058933e-152,6.681983716050629e-144
830,830,59.572596686648026,7.171658829760475e-155,7.539230145685175e-147
831,831,59.59645830000646,6.2212489695305404e-155,6.540108625951466e-147
832,832,59.70628541061673,3.2336976051858678e-155,3.399435339266062e-147
833,833,60.167247553031245,2.0747111693261033e-156,2.181047002189243e-148
834,834,60.85025250330315,3.545512754045458e-158,3.727232049339351e-150
835,835,60.877266997434596,3.0184147782004444e-158,3.173118552929053e-150
836,836,61.013985048601896,1.3366580052166073e-158,1.4051661640096494e-150
837,837,61.47893675127267,8.374435410794706e-160,8.803653018204932e-152
838,838,61.87871642179337,7.736129259323974e-161,8.132631558096636e-153
839,839,62.06498804825942,2.550028230552901e-161,2.6807256402595436e-153
840,840,62.23911712129003,9.036186266767893e-162,9.499320801728406e-154
841,841,62.530100781136106,1.5961127087720597e-162,1.677918782186051e-154
842,842,62.66637391901086,7.08689757538056e-163,7.4501245957173874e-155
843,843,62.709662059470816,5.4758038716961005e-163,5.75645699291159e-155
844,844,62.934050934141524,1.4382705645326548e-163,1.5119867042167126e-155
845,845,64.36376849897756,2.8736873656546586e-167,3.020973380177068e-159
846,846,64.63005175879329,5.88071731429552e-168,6.182123593248275e-160
847,847,65.0831047899359,3.9550630098829694e-169,4.157773114980975e-161
848,848,65.149943835234,2.6558714825817996e-169,2.791993710221577e-161
849,849,65.70903665590328,9.496240257873953e-171,9.982954086680059e-163
850,850,66.22262886681038,4.452760932076435e-172,4.680979707418833e-164
851,851,67.41664355278381,3.6233529217953723e-175,3.809061784018035e-167
852,852,67.56469086546181,1.4998143474472868e-175,1.5766848102537777e-167
853,853,67.5800217091885,1.3688910119402846e-175,1.4390512193010117e-167
854,854,67.86540054577706,2.500056134043683e-176,2.628192307959634e-168
855,855,68.09981580138323,6.18584678600998e-177,6.502891963034694e-169
856,856,68.12530145881384,5.314408056834648e-177,5.5867891069071e-169
857,857,68.70606088932232,1.6700792450059487e-178,1.7556763488779224e-170
858,858,68.76640902733153,1.165697812690186e-178,1.2254436942431415e-170
859,859,69.20187159468004,8.706116907339743e-180,9.152334292213868e-172
860,860,69.58665219256049,8.794331808257619e-181,9.245070499566455e-173
861,861,70.0712666691587,4.900727548607079e-182,5.151906099733178e-174
862,862,70.15636954122401,2.9515929769082186e-182,3.1028719125561504e-174
863,863,70.46081431185041,4.811762247401847e-183,5.058381031588122e-175
864,864,70.65558193027192,1.5077940014577492e-183,1.585073448014705e-175
865,865,70.92019296919112,3.1164464990219207e-184,3.276174724784812e-176
866,866,72.75277294433813,5.6474211772359385e-189,5.936870254914242e-181
867,867,73.20850737980602,3.7379641763757764e-190,3.929547245761095e-182
868,868,73.42408871169366,1.0347070353679356e-190,1.0877392048582737e-182
869,869,73.50486547834186,6.394507924610401e-191,6.722247677481282e-183
870,870,73.55462027126367,4.7540786686510384e-191,4.997740977989305e-183
871,871,73.99067659235338,3.538087232967916e-192,3.719425945663181e-184
872,872,74.70669620836233,4.966658928353623e-194,5.221216681501102e-186
873,873,75.77838742356526,8.376414588991236e-197,8.80573363585242e-189
874,874,76.10942190663931,1.1654800604138035e-197,1.2252147814399303e-189
875,875,76.33639952850689,3.0143880526105234e-198,3.168885444288977e-190
876,876,76.49331986153284,1.183496678901951e-198,1.2441548114181392e-190
877,877,76.70589939346453,3.3351585335114113e-199,3.5060964768911336e-191
878,878,76.81586393666637,1.7321388326615004e-199,1.8209166963607034e-191
879,879,77.53940809522771,2.3249237221906792e-201,2.4440837787795285e-193
880,880,77.64137421673274,1.2663999336857845e-201,1.3313071331443208e-193
881,881,78.07466338685037,9.581490381900262e-203,1.0072573562486052e-194
882,882,78.35926201393964,1.7580561911076176e-203,1.848162405440261e-195
883,883,78.44498432800583,1.0549353661609713e-203,1.1090043047371033e-195
884,884,78.89442073248505,7.249482309059312e-205,7.62104233657428e-197
885,885,79.41429910272674,3.274305605276204e-206,3.442124634128584e-198
886,886,79.80156695174938,3.25883063331325e-207,3.425856518495058e-199
887,887,79.89040826901206,1.9194838147450438e-207,2.0178637305260575e-199
888,888,81.25215525358128,5.74986415129846e-211,6.04456377137947e-203
889,889,81.26912390734091,5.19698078140245e-211,5.463343293897941e-203
890,890,81.37623723120366,2.745331987012167e-211,2.88603936240051e-203
891,891,81.64676644625264,5.477712387603004e-212,5.758463326592598e-204
892,892,81.85745801741734,1.5611109572206572e-212,1.6411230747057872e-204
893,893,83.13079606351619,7.91891087104247e-216,8.324781334021076e-208
894,894,83.2755441212042,3.3429444476484746e-216,3.5142814449671773e-208
895,895,83.88627542910535,8.787371024409081e-218,9.237752952444621e-210
896,896,83.9554642271012,5.818789095155136e-218,6.117021347353043e-210
897,897,84.1048175580897,2.389902338321162e-218,2.512392764634089e-210
898,898,84.19111322051495,1.4291891572263596e-218,1.502439844647104e-210
899,899,84.47662047288622,2.6081845882512546e-219,2.741862704295999e-211
900,900,85.63917809779838,2.5598521345969697e-222,2.691053051988893e-214
901,901,85.99138235136833,3.139674893121062e-223,3.300593651170627e-215
902,902,86.12407596315708,1.424096180194598e-223,1.4970858356401778e-215
903,903,86.1785284185529,1.029540253072789e-223,1.0823076078232732e-215
904,904,87.61620062377139,1.9618219410930844e-227,2.0623718263588367e-219
905,905,87.6915143544347,1.2525208012759515e-227,1.316716649137197e-219
906,906,87.86618957315042,4.4239680193326036e-228,4.6507110623405744e-220
907,907,88.23289501678357,4.9769110643642116e-229,5.231994273506447e-221
908,908,88.88160367932248,1.0433333662266228e-230,1.0968076638020522e-222
909,909,90.22827631957375,3.419016246254969e-234,3.5942521757150775e-226
910,910,90.29412726272274,2.3094657845010175e-234,2.4278335704823344e-226
911,911,90.30748890022444,2.132741555836279e-234,2.24205163859606e-226
912,912,92.39339582635112,8.543661431436498e-240,8.981552434022451e-232
913,913,92.7818654607041,8.442614959649471e-241,8.875326995208971e-233
914,914,92.91755417641103,3.7616793984834336e-241,3.95447795170652e-233
915,915,93.12456055726736,1.0958516673900706e-241,1.1520177021949219e-233
916,916,94.19243367147953,1.8907101468163323e-244,1.9876153166235627e-236
917,917,94.29544988428081,1.0234579620101968e-244,1.0759135791581566e-236
918,918,94.57300629636825,1.958355166388337e-245,2.0587273679451334e-237
919,919,94.61434423937447,1.5308383439441632e-245,1.6092988895318202e-237
920,920,95.73140131443193,1.970329132645131e-248,2.0713150397111164e-240
921,921,97.28348291195562,1.8989790871561124e-252,1.9963080675982524e-244
922,922,97.95998496391576,3.3734002256261824e-254,3.546298182641172e-246
923,923,98.13244598715522,1.2073248585145003e-254,1.269204264315459e-246
924,924,98.29588914900671,4.559468036947575e-255,4.793155905548179e-247
925,925,98.91621082834808,1.1319541797614399e-256,1.1899705881403188e-248
926,926,99.25479656244892,1.5056936969727266e-257,1.582865495954452e-249
927,927,99.30447485066708,1.1199375926851978e-257,1.1773381110964435e-249
928,928,99.70679801748295,1.0190152748843934e-258,1.0712431895730146e-250
929,929,99.8013722301428,5.800553864535193e-259,6.097851500645765e-251
930,930,100.25064676493778,3.989968297137889e-260,4.194467414049421e-252
931,931,101.16344904457154,1.734159970571982e-262,1.8230414242967365e-254
932,932,102.04288995273532,9.19457328343523e-265,9.6658256786459e-257
933,933,102.74047036072093,1.440585100362845e-266,1.5144198676895517e-258
934,934,103.08185155638822,1.884575033430296e-267,1.9811657583156215e-259
935,935,104.79961561171056,6.768472682021454e-272,7.115379369802934e-264
936,936,105.70270176031774,3.117101387367401e-274,3.2768631783314045e-266
937,937,106.34465982176951,6.802700605755213e-276,7.151361588221764e-268
938,938,106.80887903685822,4.2806715508991146e-277,4.500070174335579e-269
939,939,107.5188155005708,6.230858558845429e-279,6.550210738610509e-271
940,940,107.73127013500181,1.7571972084882866e-279,1.847259397110946e-271
941,941,110.21695504565491,6.502776776327789e-286,6.836065667165784e-278
942,942,111.19803167133327,1.8817345530271873e-288,1.9781796938650264e-280
943,943,111.46528778106753,3.8285285549617136e-289,4.0247533493095463e-281
944,944,114.73045737815585,1.3626673736381847e-297,1.4325085988812672e-289
945,945,120.40372461600694,2.84959801853e-312,2.995649374068391e-304
946,946,121.8398606978648,5.4799246e-316,5.760788937828669e-308
947,947,121.8758237343407,4.4230317e-316,4.649726740395993e-308
948,948,122.55238564007101,7.8544e-318,8.2569627247634e-310
949,949,122.64534619401235,4.51416e-318,4.74552487218786e-310
950,950,124.05496642572618,1.02e-321,1.0699395887e-313
951,951,124.20856470281683,4.05e-322,4.258982829e-314
952,952,124.54568642633514,5.4e-323,5.71326965e-315
953,953,124.90877839702003,5e-324,5.1938815e-316
954,954,127.08658753525097,0.0,0.0
955,955,128.30250241250684,0.0,0.0
956,956,128.57089868298652,0.0,0.0
957,957,128.9846740957119,0.0,0.0
958,958,129.5741882204688,0.0,0.0
959,959,133.59401485725948,0.0,0.0
960,960,133.74536917829818,0.0,0.0
961,961,135.3838467630548,0.0,0.0
962,962,137.20087454035246,0.0,0.0
963,963,137.65682501620898,0.0,0.0
964,964,137.91475389607092,0.0,0.0
965,965,138.33264960653298,0.0,0.0
966,966,140.17150296039995,0.0,0.0
967,967,140.8120507116225,0.0,0.0
968,968,142.08103926156681,0.0,0.0
969,969,142.51235712415502,0.0,0.0
970,970,142.8216944019616,0.0,0.0
971,971,143.62363857399714,0.0,0.0
972,972,146.61380681440832,0.0,0.0
973,973,146.90804453687002,0.0,0.0
974,974,148.83890897563313,0.0,0.0
975,975,149.5198764450493,0.0,0.0
976,976,149.89465211073968,0.0,0.0
977,977,151.17766267672306,0.0,0.0
978,978,151.72087903936614,0.0,0.0
979,979,154.75636534382258,0.0,0.0
980,980,155.0676576429711,0.0,0.0
981,981,159.6082612145812,0.0,0.0
982,982,159.6912255093864,0.0,0.0
983,983,166.49750006485385,0.0,0.0
984,984,168.10077272907964,0.0,0.0
985,985,168.36949738531285,0.0,0.0
986,986,168.539285605403,0.0,0.0
987,987,169.0050959586663,0.0,0.0
988,988,178.74289498082845,0.0,0.0
989,989,199.07313757212557,0.0,0.0
990,990,206.96822125222457,0.0,0.0
991,991,215.55893327579588,0.0,0.0
992,992,215.9227210560312,0.0,0.0
993,993,216.67325270885806,0.0,0.0
994,994,222.8066097336682,0.0,0.0
995,995,238.9760134762538,0.0,0.0
996,996,278.4785669264663,0.0,0.0
997,997,301.9747579819816,0.0,0.0
998,998,308.6168254267254,0.0,0.0
999,999,395.02281597817984,0.0,0.0
